2025-12-15T17:02:19.207Z 	 info: Azurite Blob service is starting on 127.0.0.1:10000
2025-12-15T17:02:19.209Z 	 info: AccountDataStore:init() Refresh accounts from environment variable AZURITE_ACCOUNTS with value undefined
2025-12-15T17:02:19.209Z 	 info: AccountDataStore:init() Fallback to default emulator account devstoreaccount1.
2025-12-15T17:02:19.232Z 	 info: BlobGCManager:start() Starting BlobGCManager. Set status to Initializing.
2025-12-15T17:02:19.232Z 	 info: BlobGCManager:start() Trigger mark and sweep loop. Set status to Running.
2025-12-15T17:02:19.232Z 	 info: BlobGCManager:markSweepLoop() Start next mark and sweep.
2025-12-15T17:02:19.233Z 	 info: BlobGCManager:markSweep() Get all extents.
2025-12-15T17:02:19.234Z 	 info: BlobGCManager:start() BlobGCManager successfully started.
2025-12-15T17:02:19.250Z 	 info: BlobGCManager:markSweep() Got 0 extents.
2025-12-15T17:02:19.250Z 	 info: BlobGCManager:markSweep() Get referred extents.
2025-12-15T17:02:19.251Z 	 info: BlobGCManager:markSweep() Got referred extents, unreferenced extents count is 0.
2025-12-15T17:02:19.251Z 	 info: BlobGCManager:markSweepLoop() Mark and sweep finished, taken 18ms.
2025-12-15T17:02:19.251Z 	 info: BlobGCManager:markSweepLoop() Sleep for 600000ms.
2025-12-15T17:02:19.256Z 	 info: Azurite Blob service successfully listens on http://127.0.0.1:10000
2025-12-15T17:02:19.257Z 	 info: Azurite Queue service is starting on 127.0.0.1:10001
2025-12-15T17:02:19.257Z 	 info: AccountDataStore:init() Refresh accounts from environment variable AZURITE_ACCOUNTS with value undefined
2025-12-15T17:02:19.257Z 	 info: AccountDataStore:init() Fallback to default emulator account devstoreaccount1.
2025-12-15T17:02:19.284Z 	 info: QueueGCManager:start() Starting QueueGCManager, set status to Initializing
2025-12-15T17:02:19.284Z 	 info: QueueGCManager:start() Trigger mark and sweep loop, set status to Running.
2025-12-15T17:02:19.284Z 	 info: QueueGCManager:markSweepLoop() Start new mark and sweep.
2025-12-15T17:02:19.284Z 	 info: QueueGCManger:markSweep() Get all extents.
2025-12-15T17:02:19.284Z 	 info: QueueGCManager:start() QueueGCManager successfully started.
2025-12-15T17:02:19.285Z 	 info: QueueGCManager:marksweep() Get 0 extents.
2025-12-15T17:02:19.285Z 	 info: QueueGCManager:markSweep() Get referred extents, then remove from allExtents.
2025-12-15T17:02:19.285Z 	 info: QueueGCManager:markSweep() Got referred extents, unreferenced extents count is 0.
2025-12-15T17:02:19.285Z 	 info: QueueGCManager:markSweepLoop() Mark and sweep finished, take 1ms.
2025-12-15T17:02:19.285Z 	 info: QueueGCManager:markSweepLoop() Sleep for 60000
2025-12-15T17:02:19.287Z 	 info: Azurite Queue service successfully listens on http://127.0.0.1:10001
2025-12-15T17:02:19.287Z 	 info: Azurite Table service is starting on 127.0.0.1:10002
2025-12-15T17:02:19.287Z 	 info: AccountDataStore:init() Refresh accounts from environment variable AZURITE_ACCOUNTS with value undefined
2025-12-15T17:02:19.287Z 	 info: AccountDataStore:init() Fallback to default emulator account devstoreaccount1.
2025-12-15T17:02:19.300Z 	 info: Azurite Table service successfully listens on http://127.0.0.1:10002
2025-12-15T17:02:19.302Z 	 info: InstaceID 05a9d40b-ceb4-454a-9ae7-7c289b860e1f, SessionID 99da4270-64b5-4abf-8db8-eab9f6abf297.
2025-12-15T17:02:19.358Z 	 info: Telemetry initialize successfully.
2025-12-15T17:02:19.365Z 	 verbose: Send start telemetry
2025-12-15T17:03:19.223Z 	 info: AccountDataStore:init() Refresh accounts from environment variable AZURITE_ACCOUNTS with value undefined
2025-12-15T17:03:19.224Z 	 info: AccountDataStore:init() Fallback to default emulator account devstoreaccount1.
2025-12-15T17:03:19.265Z 	 info: AccountDataStore:init() Refresh accounts from environment variable AZURITE_ACCOUNTS with value undefined
2025-12-15T17:03:19.266Z 	 info: AccountDataStore:init() Fallback to default emulator account devstoreaccount1.
2025-12-15T17:03:19.295Z 	 info: QueueGCManager:markSweepLoop() Start new mark and sweep.
2025-12-15T17:03:19.295Z 	 info: QueueGCManger:markSweep() Get all extents.
2025-12-15T17:03:19.295Z 	 info: QueueGCManager:marksweep() Get 0 extents.
2025-12-15T17:03:19.295Z 	 info: QueueGCManager:markSweep() Get referred extents, then remove from allExtents.
2025-12-15T17:03:19.295Z 	 info: QueueGCManager:markSweep() Got referred extents, unreferenced extents count is 0.
2025-12-15T17:03:19.295Z 	 info: QueueGCManager:markSweepLoop() Mark and sweep finished, take 0ms.
2025-12-15T17:03:19.295Z 	 info: QueueGCManager:markSweepLoop() Sleep for 60000
2025-12-15T17:03:19.296Z 	 info: AccountDataStore:init() Refresh accounts from environment variable AZURITE_ACCOUNTS with value undefined
2025-12-15T17:03:19.296Z 	 info: AccountDataStore:init() Fallback to default emulator account devstoreaccount1.
2025-12-15T17:04:19.231Z 	 info: AccountDataStore:init() Refresh accounts from environment variable AZURITE_ACCOUNTS with value undefined
2025-12-15T17:04:19.233Z 	 info: AccountDataStore:init() Fallback to default emulator account devstoreaccount1.
2025-12-15T17:04:19.268Z 	 info: AccountDataStore:init() Refresh accounts from environment variable AZURITE_ACCOUNTS with value undefined
2025-12-15T17:04:19.268Z 	 info: AccountDataStore:init() Fallback to default emulator account devstoreaccount1.
2025-12-15T17:04:19.301Z 	 info: QueueGCManager:markSweepLoop() Start new mark and sweep.
2025-12-15T17:04:19.301Z 	 info: QueueGCManger:markSweep() Get all extents.
2025-12-15T17:04:19.301Z 	 info: QueueGCManager:marksweep() Get 0 extents.
2025-12-15T17:04:19.301Z 	 info: QueueGCManager:markSweep() Get referred extents, then remove from allExtents.
2025-12-15T17:04:19.301Z 	 info: QueueGCManager:markSweep() Got referred extents, unreferenced extents count is 0.
2025-12-15T17:04:19.302Z 	 info: QueueGCManager:markSweepLoop() Mark and sweep finished, take 1ms.
2025-12-15T17:04:19.302Z 	 info: QueueGCManager:markSweepLoop() Sleep for 60000
2025-12-15T17:04:19.303Z 	 info: AccountDataStore:init() Refresh accounts from environment variable AZURITE_ACCOUNTS with value undefined
2025-12-15T17:04:19.303Z 	 info: AccountDataStore:init() Fallback to default emulator account devstoreaccount1.
2025-12-15T17:05:19.244Z 	 info: AccountDataStore:init() Refresh accounts from environment variable AZURITE_ACCOUNTS with value undefined
2025-12-15T17:05:19.244Z 	 info: AccountDataStore:init() Fallback to default emulator account devstoreaccount1.
2025-12-15T17:05:19.284Z 	 info: AccountDataStore:init() Refresh accounts from environment variable AZURITE_ACCOUNTS with value undefined
2025-12-15T17:05:19.284Z 	 info: AccountDataStore:init() Fallback to default emulator account devstoreaccount1.
2025-12-15T17:05:19.316Z 	 info: QueueGCManager:markSweepLoop() Start new mark and sweep.
2025-12-15T17:05:19.317Z 	 info: QueueGCManger:markSweep() Get all extents.
2025-12-15T17:05:19.317Z 	 info: QueueGCManager:marksweep() Get 0 extents.
2025-12-15T17:05:19.317Z 	 info: QueueGCManager:markSweep() Get referred extents, then remove from allExtents.
2025-12-15T17:05:19.318Z 	 info: QueueGCManager:markSweep() Got referred extents, unreferenced extents count is 0.
2025-12-15T17:05:19.318Z 	 info: QueueGCManager:markSweepLoop() Mark and sweep finished, take 1ms.
2025-12-15T17:05:19.319Z 	 info: QueueGCManager:markSweepLoop() Sleep for 60000
2025-12-15T17:05:19.319Z 	 info: AccountDataStore:init() Refresh accounts from environment variable AZURITE_ACCOUNTS with value undefined
2025-12-15T17:05:19.320Z 	 info: AccountDataStore:init() Fallback to default emulator account devstoreaccount1.
2025-12-15T17:06:19.260Z 	 info: AccountDataStore:init() Refresh accounts from environment variable AZURITE_ACCOUNTS with value undefined
2025-12-15T17:06:19.260Z 	 info: AccountDataStore:init() Fallback to default emulator account devstoreaccount1.
2025-12-15T17:06:19.303Z 	 info: AccountDataStore:init() Refresh accounts from environment variable AZURITE_ACCOUNTS with value undefined
2025-12-15T17:06:19.322Z 	 info: AccountDataStore:init() Fallback to default emulator account devstoreaccount1.
2025-12-15T17:06:19.334Z 	 info: QueueGCManager:markSweepLoop() Start new mark and sweep.
2025-12-15T17:06:19.336Z 	 info: QueueGCManger:markSweep() Get all extents.
2025-12-15T17:06:19.336Z 	 info: QueueGCManager:marksweep() Get 0 extents.
2025-12-15T17:06:19.337Z 	 info: QueueGCManager:markSweep() Get referred extents, then remove from allExtents.
2025-12-15T17:06:19.337Z 	 info: QueueGCManager:markSweep() Got referred extents, unreferenced extents count is 0.
2025-12-15T17:06:19.337Z 	 info: QueueGCManager:markSweepLoop() Mark and sweep finished, take 2ms.
2025-12-15T17:06:19.337Z 	 info: QueueGCManager:markSweepLoop() Sleep for 60000
2025-12-15T17:06:19.338Z 	 info: AccountDataStore:init() Refresh accounts from environment variable AZURITE_ACCOUNTS with value undefined
2025-12-15T17:06:19.338Z 	 info: AccountDataStore:init() Fallback to default emulator account devstoreaccount1.
2025-12-15T17:07:19.267Z 	 info: AccountDataStore:init() Refresh accounts from environment variable AZURITE_ACCOUNTS with value undefined
2025-12-15T17:07:19.267Z 	 info: AccountDataStore:init() Fallback to default emulator account devstoreaccount1.
2025-12-15T17:07:19.316Z 	 info: AccountDataStore:init() Refresh accounts from environment variable AZURITE_ACCOUNTS with value undefined
2025-12-15T17:07:19.316Z 	 info: AccountDataStore:init() Fallback to default emulator account devstoreaccount1.
2025-12-15T17:07:19.348Z 	 info: QueueGCManager:markSweepLoop() Start new mark and sweep.
2025-12-15T17:07:19.349Z 	 info: QueueGCManger:markSweep() Get all extents.
2025-12-15T17:07:19.350Z 	 info: QueueGCManager:marksweep() Get 0 extents.
2025-12-15T17:07:19.351Z 	 info: QueueGCManager:markSweep() Get referred extents, then remove from allExtents.
2025-12-15T17:07:19.351Z 	 info: QueueGCManager:markSweep() Got referred extents, unreferenced extents count is 0.
2025-12-15T17:07:19.352Z 	 info: QueueGCManager:markSweepLoop() Mark and sweep finished, take 3ms.
2025-12-15T17:07:19.352Z 	 info: QueueGCManager:markSweepLoop() Sleep for 60000
2025-12-15T17:07:19.352Z 	 info: AccountDataStore:init() Refresh accounts from environment variable AZURITE_ACCOUNTS with value undefined
2025-12-15T17:07:19.352Z 	 info: AccountDataStore:init() Fallback to default emulator account devstoreaccount1.
2025-12-15T17:08:19.282Z 	 info: AccountDataStore:init() Refresh accounts from environment variable AZURITE_ACCOUNTS with value undefined
2025-12-15T17:08:19.282Z 	 info: AccountDataStore:init() Fallback to default emulator account devstoreaccount1.
2025-12-15T17:08:19.330Z 	 info: AccountDataStore:init() Refresh accounts from environment variable AZURITE_ACCOUNTS with value undefined
2025-12-15T17:08:19.331Z 	 info: AccountDataStore:init() Fallback to default emulator account devstoreaccount1.
2025-12-15T17:08:19.355Z 	 info: QueueGCManager:markSweepLoop() Start new mark and sweep.
2025-12-15T17:08:19.356Z 	 info: QueueGCManger:markSweep() Get all extents.
2025-12-15T17:08:19.357Z 	 info: QueueGCManager:marksweep() Get 0 extents.
2025-12-15T17:08:19.357Z 	 info: QueueGCManager:markSweep() Get referred extents, then remove from allExtents.
2025-12-15T17:08:19.357Z 	 info: QueueGCManager:markSweep() Got referred extents, unreferenced extents count is 0.
2025-12-15T17:08:19.357Z 	 info: QueueGCManager:markSweepLoop() Mark and sweep finished, take 1ms.
2025-12-15T17:08:19.357Z 	 info: QueueGCManager:markSweepLoop() Sleep for 60000
2025-12-15T17:08:19.358Z 	 info: AccountDataStore:init() Refresh accounts from environment variable AZURITE_ACCOUNTS with value undefined
2025-12-15T17:08:19.358Z 	 info: AccountDataStore:init() Fallback to default emulator account devstoreaccount1.
2025-12-15T17:09:19.291Z 	 info: AccountDataStore:init() Refresh accounts from environment variable AZURITE_ACCOUNTS with value undefined
2025-12-15T17:09:19.292Z 	 info: AccountDataStore:init() Fallback to default emulator account devstoreaccount1.
2025-12-15T17:09:19.332Z 	 info: AccountDataStore:init() Refresh accounts from environment variable AZURITE_ACCOUNTS with value undefined
2025-12-15T17:09:19.332Z 	 info: AccountDataStore:init() Fallback to default emulator account devstoreaccount1.
2025-12-15T17:09:19.365Z 	 info: QueueGCManager:markSweepLoop() Start new mark and sweep.
2025-12-15T17:09:19.365Z 	 info: QueueGCManger:markSweep() Get all extents.
2025-12-15T17:09:19.366Z 	 info: QueueGCManager:marksweep() Get 0 extents.
2025-12-15T17:09:19.366Z 	 info: QueueGCManager:markSweep() Get referred extents, then remove from allExtents.
2025-12-15T17:09:19.366Z 	 info: QueueGCManager:markSweep() Got referred extents, unreferenced extents count is 0.
2025-12-15T17:09:19.366Z 	 info: QueueGCManager:markSweepLoop() Mark and sweep finished, take 1ms.
2025-12-15T17:09:19.367Z 	 info: QueueGCManager:markSweepLoop() Sleep for 60000
2025-12-15T17:09:19.367Z 	 info: AccountDataStore:init() Refresh accounts from environment variable AZURITE_ACCOUNTS with value undefined
2025-12-15T17:09:19.367Z 	 info: AccountDataStore:init() Fallback to default emulator account devstoreaccount1.
2025-12-15T17:10:19.292Z 	 info: AccountDataStore:init() Refresh accounts from environment variable AZURITE_ACCOUNTS with value undefined
2025-12-15T17:10:19.292Z 	 info: AccountDataStore:init() Fallback to default emulator account devstoreaccount1.
2025-12-15T17:10:19.342Z 	 info: AccountDataStore:init() Refresh accounts from environment variable AZURITE_ACCOUNTS with value undefined
2025-12-15T17:10:19.342Z 	 info: AccountDataStore:init() Fallback to default emulator account devstoreaccount1.
2025-12-15T17:10:19.367Z 	 info: QueueGCManager:markSweepLoop() Start new mark and sweep.
2025-12-15T17:10:19.368Z 	 info: QueueGCManger:markSweep() Get all extents.
2025-12-15T17:10:19.368Z 	 info: QueueGCManager:marksweep() Get 0 extents.
2025-12-15T17:10:19.368Z 	 info: QueueGCManager:markSweep() Get referred extents, then remove from allExtents.
2025-12-15T17:10:19.369Z 	 info: QueueGCManager:markSweep() Got referred extents, unreferenced extents count is 0.
2025-12-15T17:10:19.369Z 	 info: QueueGCManager:markSweepLoop() Mark and sweep finished, take 1ms.
2025-12-15T17:10:19.369Z 	 info: QueueGCManager:markSweepLoop() Sleep for 60000
2025-12-15T17:10:19.370Z 	 info: AccountDataStore:init() Refresh accounts from environment variable AZURITE_ACCOUNTS with value undefined
2025-12-15T17:10:19.370Z 	 info: AccountDataStore:init() Fallback to default emulator account devstoreaccount1.
2025-12-15T17:11:19.305Z 	 info: AccountDataStore:init() Refresh accounts from environment variable AZURITE_ACCOUNTS with value undefined
2025-12-15T17:11:19.306Z 	 info: AccountDataStore:init() Fallback to default emulator account devstoreaccount1.
2025-12-15T17:11:19.349Z 	 info: AccountDataStore:init() Refresh accounts from environment variable AZURITE_ACCOUNTS with value undefined
2025-12-15T17:11:19.349Z 	 info: AccountDataStore:init() Fallback to default emulator account devstoreaccount1.
2025-12-15T17:11:19.377Z 	 info: QueueGCManager:markSweepLoop() Start new mark and sweep.
2025-12-15T17:11:19.378Z 	 info: QueueGCManger:markSweep() Get all extents.
2025-12-15T17:11:19.378Z 	 info: QueueGCManager:marksweep() Get 0 extents.
2025-12-15T17:11:19.378Z 	 info: QueueGCManager:markSweep() Get referred extents, then remove from allExtents.
2025-12-15T17:11:19.378Z 	 info: QueueGCManager:markSweep() Got referred extents, unreferenced extents count is 0.
2025-12-15T17:11:19.378Z 	 info: QueueGCManager:markSweepLoop() Mark and sweep finished, take 0ms.
2025-12-15T17:11:19.379Z 	 info: QueueGCManager:markSweepLoop() Sleep for 60000
2025-12-15T17:11:19.379Z 	 info: AccountDataStore:init() Refresh accounts from environment variable AZURITE_ACCOUNTS with value undefined
2025-12-15T17:11:19.379Z 	 info: AccountDataStore:init() Fallback to default emulator account devstoreaccount1.
2025-12-15T17:12:19.261Z 	 info: BlobGCManager:markSweepLoop() Start next mark and sweep.
2025-12-15T17:12:19.262Z 	 info: BlobGCManager:markSweep() Get all extents.
2025-12-15T17:12:19.262Z 	 info: BlobGCManager:markSweep() Got 0 extents.
2025-12-15T17:12:19.262Z 	 info: BlobGCManager:markSweep() Get referred extents.
2025-12-15T17:12:19.262Z 	 info: BlobGCManager:markSweep() Got referred extents, unreferenced extents count is 0.
2025-12-15T17:12:19.263Z 	 info: BlobGCManager:markSweepLoop() Mark and sweep finished, taken 1ms.
2025-12-15T17:12:19.264Z 	 info: BlobGCManager:markSweepLoop() Sleep for 600000ms.
2025-12-15T17:12:19.318Z 	 info: AccountDataStore:init() Refresh accounts from environment variable AZURITE_ACCOUNTS with value undefined
2025-12-15T17:12:19.319Z 	 info: AccountDataStore:init() Fallback to default emulator account devstoreaccount1.
2025-12-15T17:12:19.351Z 	 info: AccountDataStore:init() Refresh accounts from environment variable AZURITE_ACCOUNTS with value undefined
2025-12-15T17:12:19.352Z 	 info: AccountDataStore:init() Fallback to default emulator account devstoreaccount1.
2025-12-15T17:12:19.393Z 	 info: QueueGCManager:markSweepLoop() Start new mark and sweep.
2025-12-15T17:12:19.393Z 	 info: QueueGCManger:markSweep() Get all extents.
2025-12-15T17:12:19.394Z 	 info: QueueGCManager:marksweep() Get 0 extents.
2025-12-15T17:12:19.394Z 	 info: QueueGCManager:markSweep() Get referred extents, then remove from allExtents.
2025-12-15T17:12:19.394Z 	 info: QueueGCManager:markSweep() Got referred extents, unreferenced extents count is 0.
2025-12-15T17:12:19.394Z 	 info: QueueGCManager:markSweepLoop() Mark and sweep finished, take 1ms.
2025-12-15T17:12:19.394Z 	 info: QueueGCManager:markSweepLoop() Sleep for 60000
2025-12-15T17:12:19.394Z 	 info: AccountDataStore:init() Refresh accounts from environment variable AZURITE_ACCOUNTS with value undefined
2025-12-15T17:12:19.395Z 	 info: AccountDataStore:init() Fallback to default emulator account devstoreaccount1.
2025-12-15T17:13:19.321Z 	 info: AccountDataStore:init() Refresh accounts from environment variable AZURITE_ACCOUNTS with value undefined
2025-12-15T17:13:19.322Z 	 info: AccountDataStore:init() Fallback to default emulator account devstoreaccount1.
2025-12-15T17:13:19.357Z 	 info: AccountDataStore:init() Refresh accounts from environment variable AZURITE_ACCOUNTS with value undefined
2025-12-15T17:13:19.357Z 	 info: AccountDataStore:init() Fallback to default emulator account devstoreaccount1.
2025-12-15T17:13:19.400Z 	 info: QueueGCManager:markSweepLoop() Start new mark and sweep.
2025-12-15T17:13:19.401Z 	 info: QueueGCManger:markSweep() Get all extents.
2025-12-15T17:13:19.401Z 	 info: QueueGCManager:marksweep() Get 0 extents.
2025-12-15T17:13:19.401Z 	 info: QueueGCManager:markSweep() Get referred extents, then remove from allExtents.
2025-12-15T17:13:19.401Z 	 info: QueueGCManager:markSweep() Got referred extents, unreferenced extents count is 0.
2025-12-15T17:13:19.401Z 	 info: QueueGCManager:markSweepLoop() Mark and sweep finished, take 0ms.
2025-12-15T17:13:19.401Z 	 info: QueueGCManager:markSweepLoop() Sleep for 60000
2025-12-15T17:13:19.401Z 	 info: AccountDataStore:init() Refresh accounts from environment variable AZURITE_ACCOUNTS with value undefined
2025-12-15T17:13:19.402Z 	 info: AccountDataStore:init() Fallback to default emulator account devstoreaccount1.
2025-12-15T17:14:19.322Z 	 info: AccountDataStore:init() Refresh accounts from environment variable AZURITE_ACCOUNTS with value undefined
2025-12-15T17:14:19.323Z 	 info: AccountDataStore:init() Fallback to default emulator account devstoreaccount1.
2025-12-15T17:14:19.364Z 	 info: AccountDataStore:init() Refresh accounts from environment variable AZURITE_ACCOUNTS with value undefined
2025-12-15T17:14:19.365Z 	 info: AccountDataStore:init() Fallback to default emulator account devstoreaccount1.
2025-12-15T17:14:19.401Z 	 info: QueueGCManager:markSweepLoop() Start new mark and sweep.
2025-12-15T17:14:19.401Z 	 info: QueueGCManger:markSweep() Get all extents.
2025-12-15T17:14:19.401Z 	 info: QueueGCManager:marksweep() Get 0 extents.
2025-12-15T17:14:19.401Z 	 info: QueueGCManager:markSweep() Get referred extents, then remove from allExtents.
2025-12-15T17:14:19.402Z 	 info: QueueGCManager:markSweep() Got referred extents, unreferenced extents count is 0.
2025-12-15T17:14:19.402Z 	 info: QueueGCManager:markSweepLoop() Mark and sweep finished, take 1ms.
2025-12-15T17:14:19.402Z 	 info: QueueGCManager:markSweepLoop() Sleep for 60000
2025-12-15T17:14:19.402Z 	 info: AccountDataStore:init() Refresh accounts from environment variable AZURITE_ACCOUNTS with value undefined
2025-12-15T17:14:19.402Z 	 info: AccountDataStore:init() Fallback to default emulator account devstoreaccount1.
2025-12-15T17:15:19.337Z 	 info: AccountDataStore:init() Refresh accounts from environment variable AZURITE_ACCOUNTS with value undefined
2025-12-15T17:15:19.337Z 	 info: AccountDataStore:init() Fallback to default emulator account devstoreaccount1.
2025-12-15T17:15:19.376Z 	 info: AccountDataStore:init() Refresh accounts from environment variable AZURITE_ACCOUNTS with value undefined
2025-12-15T17:15:19.376Z 	 info: AccountDataStore:init() Fallback to default emulator account devstoreaccount1.
2025-12-15T17:15:19.407Z 	 info: QueueGCManager:markSweepLoop() Start new mark and sweep.
2025-12-15T17:15:19.407Z 	 info: QueueGCManger:markSweep() Get all extents.
2025-12-15T17:15:19.407Z 	 info: QueueGCManager:marksweep() Get 0 extents.
2025-12-15T17:15:19.407Z 	 info: QueueGCManager:markSweep() Get referred extents, then remove from allExtents.
2025-12-15T17:15:19.407Z 	 info: QueueGCManager:markSweep() Got referred extents, unreferenced extents count is 0.
2025-12-15T17:15:19.407Z 	 info: QueueGCManager:markSweepLoop() Mark and sweep finished, take 0ms.
2025-12-15T17:15:19.407Z 	 info: QueueGCManager:markSweepLoop() Sleep for 60000
2025-12-15T17:15:19.407Z 	 info: AccountDataStore:init() Refresh accounts from environment variable AZURITE_ACCOUNTS with value undefined
2025-12-15T17:15:19.407Z 	 info: AccountDataStore:init() Fallback to default emulator account devstoreaccount1.
2025-12-15T17:16:19.346Z 	 info: AccountDataStore:init() Refresh accounts from environment variable AZURITE_ACCOUNTS with value undefined
2025-12-15T17:16:19.346Z 	 info: AccountDataStore:init() Fallback to default emulator account devstoreaccount1.
2025-12-15T17:16:19.377Z 	 info: AccountDataStore:init() Refresh accounts from environment variable AZURITE_ACCOUNTS with value undefined
2025-12-15T17:16:19.377Z 	 info: AccountDataStore:init() Fallback to default emulator account devstoreaccount1.
2025-12-15T17:16:19.409Z 	 info: QueueGCManager:markSweepLoop() Start new mark and sweep.
2025-12-15T17:16:19.409Z 	 info: QueueGCManger:markSweep() Get all extents.
2025-12-15T17:16:19.409Z 	 info: QueueGCManager:marksweep() Get 0 extents.
2025-12-15T17:16:19.409Z 	 info: QueueGCManager:markSweep() Get referred extents, then remove from allExtents.
2025-12-15T17:16:19.409Z 	 info: QueueGCManager:markSweep() Got referred extents, unreferenced extents count is 0.
2025-12-15T17:16:19.409Z 	 info: QueueGCManager:markSweepLoop() Mark and sweep finished, take 0ms.
2025-12-15T17:16:19.409Z 	 info: QueueGCManager:markSweepLoop() Sleep for 60000
2025-12-15T17:16:19.410Z 	 info: AccountDataStore:init() Refresh accounts from environment variable AZURITE_ACCOUNTS with value undefined
2025-12-15T17:16:19.410Z 	 info: AccountDataStore:init() Fallback to default emulator account devstoreaccount1.
2025-12-15T17:16:58.409Z 94dd21e0-4a00-4f10-8c69-cd19f2af7903 info: BlobStorageContextMiddleware: RequestMethod=HEAD RequestURL=http://127.0.0.1/devstoreaccount1/azure-webjobs-hosts/locks/desktop1cadh3d-1595876456/host RequestHeaders:{"host":"127.0.0.1:10000","x-ms-version":"2024-08-04","accept":"application/xml","x-ms-client-request-id":"ea9d4bb0-40af-46ba-bb29-88efb0f8760d","x-ms-return-client-request-id":"true","user-agent":"azsdk-net-Storage.Blobs/12.21.2 (.NET 8.0.21; Microsoft Windows 10.0.26200)","x-ms-date":"Mon, 15 Dec 2025 17:16:58 GMT","authorization":"SharedKey devstoreaccount1:28duu9uVg+mP2GUkie8+n3mPDtxojeqMWyguvl0aMho="} ClientIP=127.0.0.1 Protocol=http HTTPVersion=1.1
2025-12-15T17:16:58.411Z 94dd21e0-4a00-4f10-8c69-cd19f2af7903 info: BlobStorageContextMiddleware: Account=devstoreaccount1 Container=azure-webjobs-hosts Blob=locks/desktop1cadh3d-1595876456/host
2025-12-15T17:16:58.412Z 94dd21e0-4a00-4f10-8c69-cd19f2af7903 verbose: DispatchMiddleware: Dispatching request...
2025-12-15T17:16:58.416Z 94dd21e0-4a00-4f10-8c69-cd19f2af7903 info: DispatchMiddleware: Operation=Blob_GetProperties
2025-12-15T17:16:58.418Z 94dd21e0-4a00-4f10-8c69-cd19f2af7903 verbose: AuthenticationMiddlewareFactory:createAuthenticationMiddleware() Validating authentications.
2025-12-15T17:16:58.418Z 94dd21e0-4a00-4f10-8c69-cd19f2af7903 info: PublicAccessAuthenticator:validate() Start validation against public access.
2025-12-15T17:16:58.418Z 94dd21e0-4a00-4f10-8c69-cd19f2af7903 debug: PublicAccessAuthenticator:validate() Getting account properties...
2025-12-15T17:16:58.418Z 94dd21e0-4a00-4f10-8c69-cd19f2af7903 debug: PublicAccessAuthenticator:validate() Retrieved account name from context: devstoreaccount1, container: azure-webjobs-hosts, blob: locks/desktop1cadh3d-1595876456/host
2025-12-15T17:16:58.440Z 94dd21e0-4a00-4f10-8c69-cd19f2af7903 debug: PublicAccessAuthenticator:validate() Skip public access authentication. Cannot get public access type for container azure-webjobs-hosts
2025-12-15T17:16:58.441Z 94dd21e0-4a00-4f10-8c69-cd19f2af7903 info: BlobSharedKeyAuthenticator:validate() Start validation against account shared key authentication.
2025-12-15T17:16:58.476Z 94dd21e0-4a00-4f10-8c69-cd19f2af7903 info: BlobSharedKeyAuthenticator:validate() [STRING TO SIGN]:"HEAD\n\n\n\n\n\n\n\n\n\n\n\nx-ms-client-request-id:ea9d4bb0-40af-46ba-bb29-88efb0f8760d\nx-ms-date:Mon, 15 Dec 2025 17:16:58 GMT\nx-ms-return-client-request-id:true\nx-ms-version:2024-08-04\n/devstoreaccount1/devstoreaccount1/azure-webjobs-hosts/locks/desktop1cadh3d-1595876456/host"
2025-12-15T17:16:58.478Z 94dd21e0-4a00-4f10-8c69-cd19f2af7903 info: BlobSharedKeyAuthenticator:validate() Calculated authentication header based on key1: SharedKey devstoreaccount1:28duu9uVg+mP2GUkie8+n3mPDtxojeqMWyguvl0aMho=
2025-12-15T17:16:58.478Z 94dd21e0-4a00-4f10-8c69-cd19f2af7903 info: BlobSharedKeyAuthenticator:validate() Signature 1 matched.
2025-12-15T17:16:58.478Z 94dd21e0-4a00-4f10-8c69-cd19f2af7903 verbose: DeserializerMiddleware: Start deserializing...
2025-12-15T17:16:58.482Z 94dd21e0-4a00-4f10-8c69-cd19f2af7903 info: HandlerMiddleware: DeserializedParameters={"options":{"requestId":"ea9d4bb0-40af-46ba-bb29-88efb0f8760d","leaseAccessConditions":{},"cpkInfo":{},"modifiedAccessConditions":{}},"version":"2024-08-04"}
2025-12-15T17:16:58.486Z 94dd21e0-4a00-4f10-8c69-cd19f2af7903 error: ErrorMiddleware: Received a MiddlewareError, fill error information to HTTP response
2025-12-15T17:16:58.487Z 94dd21e0-4a00-4f10-8c69-cd19f2af7903 error: ErrorMiddleware: ErrorName=StorageError ErrorMessage=The specified container does not exist.  ErrorHTTPStatusCode=404 ErrorHTTPStatusMessage=The specified container does not exist. ErrorHTTPHeaders={"x-ms-error-code":"ContainerNotFound","x-ms-request-id":"94dd21e0-4a00-4f10-8c69-cd19f2af7903"} ErrorHTTPBody="<?xml version=\"1.0\" encoding=\"UTF-8\" standalone=\"yes\"?>\n<Error>\n  <Code>ContainerNotFound</Code>\n  <Message>The specified container does not exist.\nRequestId:94dd21e0-4a00-4f10-8c69-cd19f2af7903\nTime:2025-12-15T17:16:58.483Z</Message>\n</Error>" ErrorStack="StorageError: The specified container does not exist.\n    at StorageErrorFactory.getContainerNotFound (C:\\Users\\pc\\AppData\\Roaming\\npm\\node_modules\\azurite\\dist\\src\\blob\\errors\\StorageErrorFactory.js:14:16)\n    at LokiBlobMetadataStore.checkContainerExist (C:\\Users\\pc\\AppData\\Roaming\\npm\\node_modules\\azurite\\dist\\src\\blob\\persistence\\LokiBlobMetadataStore.js:566:49)\n    at LokiBlobMetadataStore.getBlobWithLeaseUpdated (C:\\Users\\pc\\AppData\\Roaming\\npm\\node_modules\\azurite\\dist\\src\\blob\\persistence\\LokiBlobMetadataStore.js:2104:20)\n    at LokiBlobMetadataStore.getBlobProperties (C:\\Users\\pc\\AppData\\Roaming\\npm\\node_modules\\azurite\\dist\\src\\blob\\persistence\\LokiBlobMetadataStore.js:866:32)\n    at BlobHandler.getProperties (C:\\Users\\pc\\AppData\\Roaming\\npm\\node_modules\\azurite\\dist\\src\\blob\\handlers\\BlobHandler.js:73:46)\n    at C:\\Users\\pc\\AppData\\Roaming\\npm\\node_modules\\azurite\\dist\\src\\blob\\generated\\middleware\\HandlerMiddlewareFactory.js:58:18\n    at C:\\Users\\pc\\AppData\\Roaming\\npm\\node_modules\\azurite\\dist\\src\\blob\\generated\\ExpressMiddlewareFactory.js:78:63\n    at Layer.handle [as handle_request] (C:\\Users\\pc\\AppData\\Roaming\\npm\\node_modules\\azurite\\node_modules\\express\\lib\\router\\layer.js:95:5)\n    at trim_prefix (C:\\Users\\pc\\AppData\\Roaming\\npm\\node_modules\\azurite\\node_modules\\express\\lib\\router\\index.js:328:13)\n    at C:\\Users\\pc\\AppData\\Roaming\\npm\\node_modules\\azurite\\node_modules\\express\\lib\\router\\index.js:286:9"
2025-12-15T17:16:58.487Z 94dd21e0-4a00-4f10-8c69-cd19f2af7903 error: ErrorMiddleware: Set HTTP code: 404
2025-12-15T17:16:58.487Z 94dd21e0-4a00-4f10-8c69-cd19f2af7903 error: ErrorMiddleware: Set HTTP status message: The specified container does not exist.
2025-12-15T17:16:58.487Z 94dd21e0-4a00-4f10-8c69-cd19f2af7903 error: ErrorMiddleware: Set HTTP Header: x-ms-error-code=ContainerNotFound
2025-12-15T17:16:58.487Z 94dd21e0-4a00-4f10-8c69-cd19f2af7903 error: ErrorMiddleware: Set HTTP Header: x-ms-request-id=94dd21e0-4a00-4f10-8c69-cd19f2af7903
2025-12-15T17:16:58.487Z 94dd21e0-4a00-4f10-8c69-cd19f2af7903 error: ErrorMiddleware: Set HTTP body: "<?xml version=\"1.0\" encoding=\"UTF-8\" standalone=\"yes\"?>\n<Error>\n  <Code>ContainerNotFound</Code>\n  <Message>The specified container does not exist.\nRequestId:94dd21e0-4a00-4f10-8c69-cd19f2af7903\nTime:2025-12-15T17:16:58.483Z</Message>\n</Error>"
2025-12-15T17:16:58.491Z 94dd21e0-4a00-4f10-8c69-cd19f2af7903 verbose: Send Blob telemetry: B_Blob_GetProperties
2025-12-15T17:16:58.491Z 94dd21e0-4a00-4f10-8c69-cd19f2af7903 info: EndMiddleware: End response. TotalTimeInMS=83 StatusCode=404 StatusMessage=The specified container does not exist. Headers={"server":"Azurite-Blob/3.35.0","x-ms-error-code":"ContainerNotFound","x-ms-request-id":"94dd21e0-4a00-4f10-8c69-cd19f2af7903"}
2025-12-15T17:16:58.570Z 862a5214-7db2-4a1a-8077-19f77b000911 info: BlobStorageContextMiddleware: RequestMethod=PUT RequestURL=http://127.0.0.1/devstoreaccount1/azure-webjobs-hosts/locks/desktop1cadh3d-1595876456/host?comp=lease RequestHeaders:{"host":"127.0.0.1:10000","x-ms-lease-action":"acquire","x-ms-version":"2024-08-04","accept":"application/xml","x-ms-lease-duration":"15","x-ms-proposed-lease-id":"000000000000000000000000047730FC","x-ms-client-request-id":"be590c0a-27c6-4665-99a0-13ed472487ea","x-ms-return-client-request-id":"true","user-agent":"azsdk-net-Storage.Blobs/12.21.2 (.NET 8.0.21; Microsoft Windows 10.0.26200)","x-ms-date":"Mon, 15 Dec 2025 17:16:58 GMT","authorization":"SharedKey devstoreaccount1:SkDXQaqZQniyOAAwzzZ/OF4aNV+O7nq+0/bTtQVJn4g=","content-length":"0"} ClientIP=127.0.0.1 Protocol=http HTTPVersion=1.1
2025-12-15T17:16:58.570Z 862a5214-7db2-4a1a-8077-19f77b000911 info: BlobStorageContextMiddleware: Account=devstoreaccount1 Container=azure-webjobs-hosts Blob=locks/desktop1cadh3d-1595876456/host
2025-12-15T17:16:58.570Z 862a5214-7db2-4a1a-8077-19f77b000911 verbose: DispatchMiddleware: Dispatching request...
2025-12-15T17:16:58.581Z 862a5214-7db2-4a1a-8077-19f77b000911 info: DispatchMiddleware: Operation=Blob_AcquireLease
2025-12-15T17:16:58.582Z 862a5214-7db2-4a1a-8077-19f77b000911 verbose: AuthenticationMiddlewareFactory:createAuthenticationMiddleware() Validating authentications.
2025-12-15T17:16:58.582Z 862a5214-7db2-4a1a-8077-19f77b000911 info: PublicAccessAuthenticator:validate() Start validation against public access.
2025-12-15T17:16:58.583Z 862a5214-7db2-4a1a-8077-19f77b000911 debug: PublicAccessAuthenticator:validate() Getting account properties...
2025-12-15T17:16:58.583Z 862a5214-7db2-4a1a-8077-19f77b000911 debug: PublicAccessAuthenticator:validate() Retrieved account name from context: devstoreaccount1, container: azure-webjobs-hosts, blob: locks/desktop1cadh3d-1595876456/host
2025-12-15T17:16:58.590Z 862a5214-7db2-4a1a-8077-19f77b000911 debug: PublicAccessAuthenticator:validate() Skip public access authentication. Cannot get public access type for container azure-webjobs-hosts
2025-12-15T17:16:58.591Z 862a5214-7db2-4a1a-8077-19f77b000911 info: BlobSharedKeyAuthenticator:validate() Start validation against account shared key authentication.
2025-12-15T17:16:58.597Z 862a5214-7db2-4a1a-8077-19f77b000911 info: BlobSharedKeyAuthenticator:validate() [STRING TO SIGN]:"PUT\n\n\n\n\n\n\n\n\n\n\n\nx-ms-client-request-id:be590c0a-27c6-4665-99a0-13ed472487ea\nx-ms-date:Mon, 15 Dec 2025 17:16:58 GMT\nx-ms-lease-action:acquire\nx-ms-lease-duration:15\nx-ms-proposed-lease-id:000000000000000000000000047730FC\nx-ms-return-client-request-id:true\nx-ms-version:2024-08-04\n/devstoreaccount1/devstoreaccount1/azure-webjobs-hosts/locks/desktop1cadh3d-1595876456/host\ncomp:lease"
2025-12-15T17:16:58.598Z 862a5214-7db2-4a1a-8077-19f77b000911 info: BlobSharedKeyAuthenticator:validate() Calculated authentication header based on key1: SharedKey devstoreaccount1:SkDXQaqZQniyOAAwzzZ/OF4aNV+O7nq+0/bTtQVJn4g=
2025-12-15T17:16:58.598Z 862a5214-7db2-4a1a-8077-19f77b000911 info: BlobSharedKeyAuthenticator:validate() Signature 1 matched.
2025-12-15T17:16:58.598Z 862a5214-7db2-4a1a-8077-19f77b000911 verbose: DeserializerMiddleware: Start deserializing...
2025-12-15T17:16:58.599Z 862a5214-7db2-4a1a-8077-19f77b000911 info: HandlerMiddleware: DeserializedParameters={"options":{"duration":15,"proposedLeaseId":"000000000000000000000000047730FC","requestId":"be590c0a-27c6-4665-99a0-13ed472487ea","modifiedAccessConditions":{}},"comp":"lease","version":"2024-08-04","action":"acquire"}
2025-12-15T17:16:58.604Z 862a5214-7db2-4a1a-8077-19f77b000911 error: ErrorMiddleware: Received a MiddlewareError, fill error information to HTTP response
2025-12-15T17:16:58.604Z 862a5214-7db2-4a1a-8077-19f77b000911 error: ErrorMiddleware: ErrorName=StorageError ErrorMessage=The specified container does not exist.  ErrorHTTPStatusCode=404 ErrorHTTPStatusMessage=The specified container does not exist. ErrorHTTPHeaders={"x-ms-error-code":"ContainerNotFound","x-ms-request-id":"862a5214-7db2-4a1a-8077-19f77b000911"} ErrorHTTPBody="<?xml version=\"1.0\" encoding=\"UTF-8\" standalone=\"yes\"?>\n<Error>\n  <Code>ContainerNotFound</Code>\n  <Message>The specified container does not exist.\nRequestId:862a5214-7db2-4a1a-8077-19f77b000911\nTime:2025-12-15T17:16:58.602Z</Message>\n</Error>" ErrorStack="StorageError: The specified container does not exist.\n    at StorageErrorFactory.getContainerNotFound (C:\\Users\\pc\\AppData\\Roaming\\npm\\node_modules\\azurite\\dist\\src\\blob\\errors\\StorageErrorFactory.js:14:16)\n    at LokiBlobMetadataStore.checkContainerExist (C:\\Users\\pc\\AppData\\Roaming\\npm\\node_modules\\azurite\\dist\\src\\blob\\persistence\\LokiBlobMetadataStore.js:566:49)\n    at LokiBlobMetadataStore.getBlobWithLeaseUpdated (C:\\Users\\pc\\AppData\\Roaming\\npm\\node_modules\\azurite\\dist\\src\\blob\\persistence\\LokiBlobMetadataStore.js:2104:20)\n    at LokiBlobMetadataStore.acquireBlobLease (C:\\Users\\pc\\AppData\\Roaming\\npm\\node_modules\\azurite\\dist\\src\\blob\\persistence\\LokiBlobMetadataStore.js:1044:32)\n    at BlobHandler.acquireLease (C:\\Users\\pc\\AppData\\Roaming\\npm\\node_modules\\azurite\\dist\\src\\blob\\handlers\\BlobHandler.js:242:46)\n    at C:\\Users\\pc\\AppData\\Roaming\\npm\\node_modules\\azurite\\dist\\src\\blob\\generated\\middleware\\HandlerMiddlewareFactory.js:58:18\n    at C:\\Users\\pc\\AppData\\Roaming\\npm\\node_modules\\azurite\\dist\\src\\blob\\generated\\ExpressMiddlewareFactory.js:78:63\n    at Layer.handle [as handle_request] (C:\\Users\\pc\\AppData\\Roaming\\npm\\node_modules\\azurite\\node_modules\\express\\lib\\router\\layer.js:95:5)\n    at trim_prefix (C:\\Users\\pc\\AppData\\Roaming\\npm\\node_modules\\azurite\\node_modules\\express\\lib\\router\\index.js:328:13)\n    at C:\\Users\\pc\\AppData\\Roaming\\npm\\node_modules\\azurite\\node_modules\\express\\lib\\router\\index.js:286:9"
2025-12-15T17:16:58.605Z 862a5214-7db2-4a1a-8077-19f77b000911 error: ErrorMiddleware: Set HTTP code: 404
2025-12-15T17:16:58.605Z 862a5214-7db2-4a1a-8077-19f77b000911 error: ErrorMiddleware: Set HTTP status message: The specified container does not exist.
2025-12-15T17:16:58.605Z 862a5214-7db2-4a1a-8077-19f77b000911 error: ErrorMiddleware: Set HTTP Header: x-ms-error-code=ContainerNotFound
2025-12-15T17:16:58.605Z 862a5214-7db2-4a1a-8077-19f77b000911 error: ErrorMiddleware: Set HTTP Header: x-ms-request-id=862a5214-7db2-4a1a-8077-19f77b000911
2025-12-15T17:16:58.605Z 862a5214-7db2-4a1a-8077-19f77b000911 error: ErrorMiddleware: Set content type: application/xml
2025-12-15T17:16:58.605Z 862a5214-7db2-4a1a-8077-19f77b000911 error: ErrorMiddleware: Set HTTP body: "<?xml version=\"1.0\" encoding=\"UTF-8\" standalone=\"yes\"?>\n<Error>\n  <Code>ContainerNotFound</Code>\n  <Message>The specified container does not exist.\nRequestId:862a5214-7db2-4a1a-8077-19f77b000911\nTime:2025-12-15T17:16:58.602Z</Message>\n</Error>"
2025-12-15T17:16:58.607Z 862a5214-7db2-4a1a-8077-19f77b000911 verbose: Send Blob telemetry: B_Blob_AcquireLease
2025-12-15T17:16:58.607Z 862a5214-7db2-4a1a-8077-19f77b000911 info: EndMiddleware: End response. TotalTimeInMS=38 StatusCode=404 StatusMessage=The specified container does not exist. Headers={"server":"Azurite-Blob/3.35.0","x-ms-error-code":"ContainerNotFound","x-ms-request-id":"862a5214-7db2-4a1a-8077-19f77b000911","content-type":"application/xml"}
2025-12-15T17:16:58.685Z 99050c52-9c61-4339-9ff9-cb6834f107eb info: BlobStorageContextMiddleware: RequestMethod=PUT RequestURL=http://127.0.0.1/devstoreaccount1/azure-webjobs-hosts/locks/desktop1cadh3d-1595876456/host RequestHeaders:{"host":"127.0.0.1:10000","x-ms-blob-type":"BlockBlob","if-none-match":"*","x-ms-version":"2024-08-04","accept":"application/xml","x-ms-client-request-id":"dc41b460-ad8a-4341-8304-d12304d23f4a","x-ms-return-client-request-id":"true","user-agent":"azsdk-net-Storage.Blobs/12.21.2 (.NET 8.0.21; Microsoft Windows 10.0.26200)","x-ms-date":"Mon, 15 Dec 2025 17:16:58 GMT","authorization":"SharedKey devstoreaccount1:+AaJQEIESwz8dGIvtZ9MzGJAfL5raCeAkKLGyoNarz0=","content-length":"0","content-type":"application/octet-stream"} ClientIP=127.0.0.1 Protocol=http HTTPVersion=1.1
2025-12-15T17:16:58.685Z 99050c52-9c61-4339-9ff9-cb6834f107eb info: BlobStorageContextMiddleware: Account=devstoreaccount1 Container=azure-webjobs-hosts Blob=locks/desktop1cadh3d-1595876456/host
2025-12-15T17:16:58.685Z 99050c52-9c61-4339-9ff9-cb6834f107eb verbose: DispatchMiddleware: Dispatching request...
2025-12-15T17:16:58.687Z 99050c52-9c61-4339-9ff9-cb6834f107eb info: DispatchMiddleware: Operation=BlockBlob_Upload
2025-12-15T17:16:58.688Z 99050c52-9c61-4339-9ff9-cb6834f107eb verbose: AuthenticationMiddlewareFactory:createAuthenticationMiddleware() Validating authentications.
2025-12-15T17:16:58.688Z 99050c52-9c61-4339-9ff9-cb6834f107eb info: PublicAccessAuthenticator:validate() Start validation against public access.
2025-12-15T17:16:58.688Z 99050c52-9c61-4339-9ff9-cb6834f107eb debug: PublicAccessAuthenticator:validate() Getting account properties...
2025-12-15T17:16:58.688Z 99050c52-9c61-4339-9ff9-cb6834f107eb debug: PublicAccessAuthenticator:validate() Retrieved account name from context: devstoreaccount1, container: azure-webjobs-hosts, blob: locks/desktop1cadh3d-1595876456/host
2025-12-15T17:16:58.689Z 99050c52-9c61-4339-9ff9-cb6834f107eb debug: PublicAccessAuthenticator:validate() Skip public access authentication. Cannot get public access type for container azure-webjobs-hosts
2025-12-15T17:16:58.690Z 99050c52-9c61-4339-9ff9-cb6834f107eb info: BlobSharedKeyAuthenticator:validate() Start validation against account shared key authentication.
2025-12-15T17:16:58.690Z 99050c52-9c61-4339-9ff9-cb6834f107eb info: BlobSharedKeyAuthenticator:validate() [STRING TO SIGN]:"PUT\n\n\n\n\napplication/octet-stream\n\n\n\n*\n\n\nx-ms-blob-type:BlockBlob\nx-ms-client-request-id:dc41b460-ad8a-4341-8304-d12304d23f4a\nx-ms-date:Mon, 15 Dec 2025 17:16:58 GMT\nx-ms-return-client-request-id:true\nx-ms-version:2024-08-04\n/devstoreaccount1/devstoreaccount1/azure-webjobs-hosts/locks/desktop1cadh3d-1595876456/host"
2025-12-15T17:16:58.690Z 99050c52-9c61-4339-9ff9-cb6834f107eb info: BlobSharedKeyAuthenticator:validate() Calculated authentication header based on key1: SharedKey devstoreaccount1:+AaJQEIESwz8dGIvtZ9MzGJAfL5raCeAkKLGyoNarz0=
2025-12-15T17:16:58.690Z 99050c52-9c61-4339-9ff9-cb6834f107eb info: BlobSharedKeyAuthenticator:validate() Signature 1 matched.
2025-12-15T17:16:58.691Z 99050c52-9c61-4339-9ff9-cb6834f107eb verbose: DeserializerMiddleware: Start deserializing...
2025-12-15T17:16:58.691Z 99050c52-9c61-4339-9ff9-cb6834f107eb info: HandlerMiddleware: DeserializedParameters={"options":{"metadata":{},"requestId":"dc41b460-ad8a-4341-8304-d12304d23f4a","blobHTTPHeaders":{},"leaseAccessConditions":{},"cpkInfo":{},"cpkScopeInfo":{},"modifiedAccessConditions":{"ifNoneMatch":"*"}},"contentLength":0,"version":"2024-08-04","blobType":"BlockBlob","body":"ReadableStream"}
2025-12-15T17:16:58.694Z 99050c52-9c61-4339-9ff9-cb6834f107eb error: ErrorMiddleware: Received a MiddlewareError, fill error information to HTTP response
2025-12-15T17:16:58.694Z 99050c52-9c61-4339-9ff9-cb6834f107eb error: ErrorMiddleware: ErrorName=StorageError ErrorMessage=The specified container does not exist.  ErrorHTTPStatusCode=404 ErrorHTTPStatusMessage=The specified container does not exist. ErrorHTTPHeaders={"x-ms-error-code":"ContainerNotFound","x-ms-request-id":"99050c52-9c61-4339-9ff9-cb6834f107eb"} ErrorHTTPBody="<?xml version=\"1.0\" encoding=\"UTF-8\" standalone=\"yes\"?>\n<Error>\n  <Code>ContainerNotFound</Code>\n  <Message>The specified container does not exist.\nRequestId:99050c52-9c61-4339-9ff9-cb6834f107eb\nTime:2025-12-15T17:16:58.693Z</Message>\n</Error>" ErrorStack="StorageError: The specified container does not exist.\n    at StorageErrorFactory.getContainerNotFound (C:\\Users\\pc\\AppData\\Roaming\\npm\\node_modules\\azurite\\dist\\src\\blob\\errors\\StorageErrorFactory.js:14:16)\n    at LokiBlobMetadataStore.checkContainerExist (C:\\Users\\pc\\AppData\\Roaming\\npm\\node_modules\\azurite\\dist\\src\\blob\\persistence\\LokiBlobMetadataStore.js:566:49)\n    at BlockBlobHandler.upload (C:\\Users\\pc\\AppData\\Roaming\\npm\\node_modules\\azurite\\dist\\src\\blob\\handlers\\BlockBlobHandler.js:40:34)\n    at C:\\Users\\pc\\AppData\\Roaming\\npm\\node_modules\\azurite\\dist\\src\\blob\\generated\\middleware\\HandlerMiddlewareFactory.js:58:18\n    at C:\\Users\\pc\\AppData\\Roaming\\npm\\node_modules\\azurite\\dist\\src\\blob\\generated\\ExpressMiddlewareFactory.js:78:63\n    at Layer.handle [as handle_request] (C:\\Users\\pc\\AppData\\Roaming\\npm\\node_modules\\azurite\\node_modules\\express\\lib\\router\\layer.js:95:5)\n    at trim_prefix (C:\\Users\\pc\\AppData\\Roaming\\npm\\node_modules\\azurite\\node_modules\\express\\lib\\router\\index.js:328:13)\n    at C:\\Users\\pc\\AppData\\Roaming\\npm\\node_modules\\azurite\\node_modules\\express\\lib\\router\\index.js:286:9\n    at router.process_params (C:\\Users\\pc\\AppData\\Roaming\\npm\\node_modules\\azurite\\node_modules\\express\\lib\\router\\index.js:346:12)\n    at next (C:\\Users\\pc\\AppData\\Roaming\\npm\\node_modules\\azurite\\node_modules\\express\\lib\\router\\index.js:280:10)"
2025-12-15T17:16:58.694Z 99050c52-9c61-4339-9ff9-cb6834f107eb error: ErrorMiddleware: Set HTTP code: 404
2025-12-15T17:16:58.694Z 99050c52-9c61-4339-9ff9-cb6834f107eb error: ErrorMiddleware: Set HTTP status message: The specified container does not exist.
2025-12-15T17:16:58.694Z 99050c52-9c61-4339-9ff9-cb6834f107eb error: ErrorMiddleware: Set HTTP Header: x-ms-error-code=ContainerNotFound
2025-12-15T17:16:58.694Z 99050c52-9c61-4339-9ff9-cb6834f107eb error: ErrorMiddleware: Set HTTP Header: x-ms-request-id=99050c52-9c61-4339-9ff9-cb6834f107eb
2025-12-15T17:16:58.695Z 99050c52-9c61-4339-9ff9-cb6834f107eb error: ErrorMiddleware: Set content type: application/xml
2025-12-15T17:16:58.695Z 99050c52-9c61-4339-9ff9-cb6834f107eb error: ErrorMiddleware: Set HTTP body: "<?xml version=\"1.0\" encoding=\"UTF-8\" standalone=\"yes\"?>\n<Error>\n  <Code>ContainerNotFound</Code>\n  <Message>The specified container does not exist.\nRequestId:99050c52-9c61-4339-9ff9-cb6834f107eb\nTime:2025-12-15T17:16:58.693Z</Message>\n</Error>"
2025-12-15T17:16:58.697Z 99050c52-9c61-4339-9ff9-cb6834f107eb verbose: Send Blob telemetry: B_BlockBlob_Upload
2025-12-15T17:16:58.697Z 99050c52-9c61-4339-9ff9-cb6834f107eb info: EndMiddleware: End response. TotalTimeInMS=12 StatusCode=404 StatusMessage=The specified container does not exist. Headers={"server":"Azurite-Blob/3.35.0","x-ms-error-code":"ContainerNotFound","x-ms-request-id":"99050c52-9c61-4339-9ff9-cb6834f107eb","content-type":"application/xml"}
2025-12-15T17:16:58.723Z 7a92ed1b-baa8-4564-ab02-c8c0e80dc2f2 info: BlobStorageContextMiddleware: RequestMethod=PUT RequestURL=http://127.0.0.1/devstoreaccount1/azure-webjobs-hosts?restype=container RequestHeaders:{"host":"127.0.0.1:10000","x-ms-version":"2024-08-04","accept":"application/xml","x-ms-client-request-id":"1b8a0739-8b43-431e-8224-cdfc93a29ca0","x-ms-return-client-request-id":"true","user-agent":"azsdk-net-Storage.Blobs/12.21.2 (.NET 8.0.21; Microsoft Windows 10.0.26200)","x-ms-date":"Mon, 15 Dec 2025 17:16:58 GMT","authorization":"SharedKey devstoreaccount1:w1rPmTxiPbui0qOU5k4Z+FMKNfNJGqSU3nDi5FR69F0=","content-length":"0"} ClientIP=127.0.0.1 Protocol=http HTTPVersion=1.1
2025-12-15T17:16:58.723Z 7a92ed1b-baa8-4564-ab02-c8c0e80dc2f2 info: BlobStorageContextMiddleware: Account=devstoreaccount1 Container=azure-webjobs-hosts Blob=
2025-12-15T17:16:58.723Z 7a92ed1b-baa8-4564-ab02-c8c0e80dc2f2 verbose: DispatchMiddleware: Dispatching request...
2025-12-15T17:16:58.725Z 7a92ed1b-baa8-4564-ab02-c8c0e80dc2f2 info: DispatchMiddleware: Operation=Container_Create
2025-12-15T17:16:58.726Z 7a92ed1b-baa8-4564-ab02-c8c0e80dc2f2 verbose: AuthenticationMiddlewareFactory:createAuthenticationMiddleware() Validating authentications.
2025-12-15T17:16:58.726Z 7a92ed1b-baa8-4564-ab02-c8c0e80dc2f2 info: PublicAccessAuthenticator:validate() Start validation against public access.
2025-12-15T17:16:58.726Z 7a92ed1b-baa8-4564-ab02-c8c0e80dc2f2 debug: PublicAccessAuthenticator:validate() Getting account properties...
2025-12-15T17:16:58.726Z 7a92ed1b-baa8-4564-ab02-c8c0e80dc2f2 debug: PublicAccessAuthenticator:validate() Retrieved account name from context: devstoreaccount1, container: azure-webjobs-hosts, blob: 
2025-12-15T17:16:58.727Z 7a92ed1b-baa8-4564-ab02-c8c0e80dc2f2 debug: PublicAccessAuthenticator:validate() Skip public access authentication. Cannot get public access type for container azure-webjobs-hosts
2025-12-15T17:16:58.727Z 7a92ed1b-baa8-4564-ab02-c8c0e80dc2f2 info: BlobSharedKeyAuthenticator:validate() Start validation against account shared key authentication.
2025-12-15T17:16:58.727Z 7a92ed1b-baa8-4564-ab02-c8c0e80dc2f2 info: BlobSharedKeyAuthenticator:validate() [STRING TO SIGN]:"PUT\n\n\n\n\n\n\n\n\n\n\n\nx-ms-client-request-id:1b8a0739-8b43-431e-8224-cdfc93a29ca0\nx-ms-date:Mon, 15 Dec 2025 17:16:58 GMT\nx-ms-return-client-request-id:true\nx-ms-version:2024-08-04\n/devstoreaccount1/devstoreaccount1/azure-webjobs-hosts\nrestype:container"
2025-12-15T17:16:58.727Z 7a92ed1b-baa8-4564-ab02-c8c0e80dc2f2 info: BlobSharedKeyAuthenticator:validate() Calculated authentication header based on key1: SharedKey devstoreaccount1:w1rPmTxiPbui0qOU5k4Z+FMKNfNJGqSU3nDi5FR69F0=
2025-12-15T17:16:58.727Z 7a92ed1b-baa8-4564-ab02-c8c0e80dc2f2 info: BlobSharedKeyAuthenticator:validate() Signature 1 matched.
2025-12-15T17:16:58.727Z 7a92ed1b-baa8-4564-ab02-c8c0e80dc2f2 verbose: DeserializerMiddleware: Start deserializing...
2025-12-15T17:16:58.728Z 7a92ed1b-baa8-4564-ab02-c8c0e80dc2f2 info: HandlerMiddleware: DeserializedParameters={"options":{"metadata":{},"requestId":"1b8a0739-8b43-431e-8224-cdfc93a29ca0","containerCpkScopeInfo":{}},"restype":"container","version":"2024-08-04"}
2025-12-15T17:16:58.732Z 7a92ed1b-baa8-4564-ab02-c8c0e80dc2f2 verbose: SerializerMiddleware: Start serializing...
2025-12-15T17:16:58.734Z 7a92ed1b-baa8-4564-ab02-c8c0e80dc2f2 verbose: Send Blob telemetry: B_Container_Create
2025-12-15T17:16:58.735Z 7a92ed1b-baa8-4564-ab02-c8c0e80dc2f2 info: EndMiddleware: End response. TotalTimeInMS=13 StatusCode=201 StatusMessage=undefined Headers={"server":"Azurite-Blob/3.35.0","etag":"\"0x1D784CB6CA3B7A0\"","last-modified":"Mon, 15 Dec 2025 17:16:58 GMT","x-ms-client-request-id":"1b8a0739-8b43-431e-8224-cdfc93a29ca0","x-ms-request-id":"7a92ed1b-baa8-4564-ab02-c8c0e80dc2f2","x-ms-version":"2025-11-05"}
2025-12-15T17:16:58.746Z b55b7b5b-5cee-4df4-8851-6b33c5af4bd8 info: BlobStorageContextMiddleware: RequestMethod=PUT RequestURL=http://127.0.0.1/devstoreaccount1/azure-webjobs-hosts/locks/desktop1cadh3d-1595876456/host RequestHeaders:{"host":"127.0.0.1:10000","x-ms-blob-type":"BlockBlob","if-none-match":"*","x-ms-version":"2024-08-04","accept":"application/xml","x-ms-client-request-id":"e1b0f5f4-2cd4-4011-b111-cfc887cab255","x-ms-return-client-request-id":"true","user-agent":"azsdk-net-Storage.Blobs/12.21.2 (.NET 8.0.21; Microsoft Windows 10.0.26200)","x-ms-date":"Mon, 15 Dec 2025 17:16:58 GMT","authorization":"SharedKey devstoreaccount1:hDc63IfUmK6fAQXTXnhI858FKBtWYTL2YoLo8prs66Q=","content-length":"0","content-type":"application/octet-stream"} ClientIP=127.0.0.1 Protocol=http HTTPVersion=1.1
2025-12-15T17:16:58.747Z b55b7b5b-5cee-4df4-8851-6b33c5af4bd8 info: BlobStorageContextMiddleware: Account=devstoreaccount1 Container=azure-webjobs-hosts Blob=locks/desktop1cadh3d-1595876456/host
2025-12-15T17:16:58.747Z b55b7b5b-5cee-4df4-8851-6b33c5af4bd8 verbose: DispatchMiddleware: Dispatching request...
2025-12-15T17:16:58.749Z b55b7b5b-5cee-4df4-8851-6b33c5af4bd8 info: DispatchMiddleware: Operation=BlockBlob_Upload
2025-12-15T17:16:58.750Z b55b7b5b-5cee-4df4-8851-6b33c5af4bd8 verbose: AuthenticationMiddlewareFactory:createAuthenticationMiddleware() Validating authentications.
2025-12-15T17:16:58.750Z b55b7b5b-5cee-4df4-8851-6b33c5af4bd8 info: PublicAccessAuthenticator:validate() Start validation against public access.
2025-12-15T17:16:58.750Z b55b7b5b-5cee-4df4-8851-6b33c5af4bd8 debug: PublicAccessAuthenticator:validate() Getting account properties...
2025-12-15T17:16:58.750Z b55b7b5b-5cee-4df4-8851-6b33c5af4bd8 debug: PublicAccessAuthenticator:validate() Retrieved account name from context: devstoreaccount1, container: azure-webjobs-hosts, blob: locks/desktop1cadh3d-1595876456/host
2025-12-15T17:16:58.756Z b55b7b5b-5cee-4df4-8851-6b33c5af4bd8 debug: PublicAccessAuthenticator:validate() Skip public access authentication. Cannot get public access type for container azure-webjobs-hosts
2025-12-15T17:16:58.756Z b55b7b5b-5cee-4df4-8851-6b33c5af4bd8 info: BlobSharedKeyAuthenticator:validate() Start validation against account shared key authentication.
2025-12-15T17:16:58.756Z b55b7b5b-5cee-4df4-8851-6b33c5af4bd8 info: BlobSharedKeyAuthenticator:validate() [STRING TO SIGN]:"PUT\n\n\n\n\napplication/octet-stream\n\n\n\n*\n\n\nx-ms-blob-type:BlockBlob\nx-ms-client-request-id:e1b0f5f4-2cd4-4011-b111-cfc887cab255\nx-ms-date:Mon, 15 Dec 2025 17:16:58 GMT\nx-ms-return-client-request-id:true\nx-ms-version:2024-08-04\n/devstoreaccount1/devstoreaccount1/azure-webjobs-hosts/locks/desktop1cadh3d-1595876456/host"
2025-12-15T17:16:58.757Z b55b7b5b-5cee-4df4-8851-6b33c5af4bd8 info: BlobSharedKeyAuthenticator:validate() Calculated authentication header based on key1: SharedKey devstoreaccount1:hDc63IfUmK6fAQXTXnhI858FKBtWYTL2YoLo8prs66Q=
2025-12-15T17:16:58.757Z b55b7b5b-5cee-4df4-8851-6b33c5af4bd8 info: BlobSharedKeyAuthenticator:validate() Signature 1 matched.
2025-12-15T17:16:58.757Z b55b7b5b-5cee-4df4-8851-6b33c5af4bd8 verbose: DeserializerMiddleware: Start deserializing...
2025-12-15T17:16:58.758Z b55b7b5b-5cee-4df4-8851-6b33c5af4bd8 info: HandlerMiddleware: DeserializedParameters={"options":{"metadata":{},"requestId":"e1b0f5f4-2cd4-4011-b111-cfc887cab255","blobHTTPHeaders":{},"leaseAccessConditions":{},"cpkInfo":{},"cpkScopeInfo":{},"modifiedAccessConditions":{"ifNoneMatch":"*"}},"contentLength":0,"version":"2024-08-04","blobType":"BlockBlob","body":"ReadableStream"}
2025-12-15T17:16:58.759Z b55b7b5b-5cee-4df4-8851-6b33c5af4bd8 debug: OperationQueue.operate() Schedule incoming job 3a56e91b-2fb9-464a-9d92-84f498a6799a
2025-12-15T17:16:58.760Z b55b7b5b-5cee-4df4-8851-6b33c5af4bd8 debug: OperationQueue:execute() Current runningConcurrency:0 maxConcurrency:50 operations.length:1
2025-12-15T17:16:58.762Z b55b7b5b-5cee-4df4-8851-6b33c5af4bd8 info: FSExtentStore:appendExtent() Select extent from idle location for extent append operation. LocationId:1 extentId:b0424681-0d08-4494-bf84-967f00cb4fd0 offset:0 MAX_EXTENT_SIZE:67108864 
2025-12-15T17:16:58.762Z b55b7b5b-5cee-4df4-8851-6b33c5af4bd8 debug: FSExtentStore:appendExtent() Get fd:undefined for extent:b0424681-0d08-4494-bf84-967f00cb4fd0 from cache.
2025-12-15T17:16:58.764Z b55b7b5b-5cee-4df4-8851-6b33c5af4bd8 debug: FSExtentStore:appendExtent() Open file:azurite\__blobstorage__\b0424681-0d08-4494-bf84-967f00cb4fd0 for extent:b0424681-0d08-4494-bf84-967f00cb4fd0, get new fd:4
2025-12-15T17:16:58.765Z b55b7b5b-5cee-4df4-8851-6b33c5af4bd8 debug: FSExtentStore:appendExtent() Created write stream for fd:4
2025-12-15T17:16:58.766Z b55b7b5b-5cee-4df4-8851-6b33c5af4bd8 debug: FSExtentStore:appendExtent() Start writing to extent b0424681-0d08-4494-bf84-967f00cb4fd0
2025-12-15T17:16:58.766Z b55b7b5b-5cee-4df4-8851-6b33c5af4bd8 debug: FSExtentStore:streamPipe() Start piping data to write stream
2025-12-15T17:16:58.767Z b55b7b5b-5cee-4df4-8851-6b33c5af4bd8 debug: FSExtentStore:streamPipe() Readable stream triggers close event, 0 bytes piped
2025-12-15T17:16:58.767Z b55b7b5b-5cee-4df4-8851-6b33c5af4bd8 debug: FSExtentStore:streamPipe() Invoke write stream end()
2025-12-15T17:16:58.768Z b55b7b5b-5cee-4df4-8851-6b33c5af4bd8 debug: FSExtentStore:streamPipe() Writable stream triggers finish event, after 0 bytes piped. Flush data to fd:4.
2025-12-15T17:16:58.768Z b55b7b5b-5cee-4df4-8851-6b33c5af4bd8 debug: FSExtentStore:streamPipe() Readable stream triggers close event, 0 bytes piped
2025-12-15T17:16:58.792Z b55b7b5b-5cee-4df4-8851-6b33c5af4bd8 debug: FSExtentStore:streamPipe() Flush data to fd:4 successfully. Resolve streamPipe().
2025-12-15T17:16:58.792Z b55b7b5b-5cee-4df4-8851-6b33c5af4bd8 debug: FSExtentStore:appendExtent() Write finish, start updating extent metadata. extent:{"id":"b0424681-0d08-4494-bf84-967f00cb4fd0","locationId":"Default","path":"b0424681-0d08-4494-bf84-967f00cb4fd0","size":0,"lastModifiedInMS":1765819018792}
2025-12-15T17:16:58.793Z b55b7b5b-5cee-4df4-8851-6b33c5af4bd8 debug: FSExtentStore:appendExtent() Update extent metadata done. Resolve()
2025-12-15T17:16:58.793Z b55b7b5b-5cee-4df4-8851-6b33c5af4bd8 debug: OperationQueue.operate() Job 3a56e91b-2fb9-464a-9d92-84f498a6799a completes callback, resolve.
2025-12-15T17:16:58.795Z b55b7b5b-5cee-4df4-8851-6b33c5af4bd8 debug: OperationQueue:execute() Current runningConcurrency:0 maxConcurrency:50 operations.length:0
2025-12-15T17:16:58.795Z b55b7b5b-5cee-4df4-8851-6b33c5af4bd8 debug: OperationQueue:execute() return. Operation.length === 0
2025-12-15T17:16:58.799Z b55b7b5b-5cee-4df4-8851-6b33c5af4bd8 verbose: SerializerMiddleware: Start serializing...
2025-12-15T17:16:58.801Z b55b7b5b-5cee-4df4-8851-6b33c5af4bd8 verbose: Send Blob telemetry: B_BlockBlob_Upload
2025-12-15T17:16:58.801Z b55b7b5b-5cee-4df4-8851-6b33c5af4bd8 info: EndMiddleware: End response. TotalTimeInMS=55 StatusCode=201 StatusMessage=undefined Headers={"server":"Azurite-Blob/3.35.0","etag":"\"0x1C00319EA413DC0\"","last-modified":"Mon, 15 Dec 2025 17:16:58 GMT","content-md5":"1B2M2Y8AsgTpgAmY7PhCfg==","x-ms-client-request-id":"e1b0f5f4-2cd4-4011-b111-cfc887cab255","x-ms-request-id":"b55b7b5b-5cee-4df4-8851-6b33c5af4bd8","x-ms-version":"2025-11-05","date":"Mon, 15 Dec 2025 17:16:58 GMT","x-ms-request-server-encrypted":"true"}
2025-12-15T17:16:58.809Z 931fbdea-1e8a-4337-83d8-0189c509088d info: BlobStorageContextMiddleware: RequestMethod=PUT RequestURL=http://127.0.0.1/devstoreaccount1/azure-webjobs-hosts/locks/desktop1cadh3d-1595876456/host?comp=lease RequestHeaders:{"host":"127.0.0.1:10000","x-ms-lease-action":"acquire","x-ms-version":"2024-08-04","accept":"application/xml","x-ms-lease-duration":"15","x-ms-proposed-lease-id":"000000000000000000000000047730FC","x-ms-client-request-id":"09f17ad8-2f63-4695-90a7-88d08f3b5457","x-ms-return-client-request-id":"true","user-agent":"azsdk-net-Storage.Blobs/12.21.2 (.NET 8.0.21; Microsoft Windows 10.0.26200)","x-ms-date":"Mon, 15 Dec 2025 17:16:58 GMT","authorization":"SharedKey devstoreaccount1:ADV2uZqqcnF78uo6pDDSbXBY43UVdO9YtV5IZ7RozRY=","content-length":"0"} ClientIP=127.0.0.1 Protocol=http HTTPVersion=1.1
2025-12-15T17:16:58.809Z 931fbdea-1e8a-4337-83d8-0189c509088d info: BlobStorageContextMiddleware: Account=devstoreaccount1 Container=azure-webjobs-hosts Blob=locks/desktop1cadh3d-1595876456/host
2025-12-15T17:16:58.810Z 931fbdea-1e8a-4337-83d8-0189c509088d verbose: DispatchMiddleware: Dispatching request...
2025-12-15T17:16:58.812Z 931fbdea-1e8a-4337-83d8-0189c509088d info: DispatchMiddleware: Operation=Blob_AcquireLease
2025-12-15T17:16:58.813Z 931fbdea-1e8a-4337-83d8-0189c509088d verbose: AuthenticationMiddlewareFactory:createAuthenticationMiddleware() Validating authentications.
2025-12-15T17:16:58.813Z 931fbdea-1e8a-4337-83d8-0189c509088d info: PublicAccessAuthenticator:validate() Start validation against public access.
2025-12-15T17:16:58.813Z 931fbdea-1e8a-4337-83d8-0189c509088d debug: PublicAccessAuthenticator:validate() Getting account properties...
2025-12-15T17:16:58.814Z 931fbdea-1e8a-4337-83d8-0189c509088d debug: PublicAccessAuthenticator:validate() Retrieved account name from context: devstoreaccount1, container: azure-webjobs-hosts, blob: locks/desktop1cadh3d-1595876456/host
2025-12-15T17:16:58.814Z 931fbdea-1e8a-4337-83d8-0189c509088d debug: PublicAccessAuthenticator:validate() Skip public access authentication. Cannot get public access type for container azure-webjobs-hosts
2025-12-15T17:16:58.814Z 931fbdea-1e8a-4337-83d8-0189c509088d info: BlobSharedKeyAuthenticator:validate() Start validation against account shared key authentication.
2025-12-15T17:16:58.815Z 931fbdea-1e8a-4337-83d8-0189c509088d info: BlobSharedKeyAuthenticator:validate() [STRING TO SIGN]:"PUT\n\n\n\n\n\n\n\n\n\n\n\nx-ms-client-request-id:09f17ad8-2f63-4695-90a7-88d08f3b5457\nx-ms-date:Mon, 15 Dec 2025 17:16:58 GMT\nx-ms-lease-action:acquire\nx-ms-lease-duration:15\nx-ms-proposed-lease-id:000000000000000000000000047730FC\nx-ms-return-client-request-id:true\nx-ms-version:2024-08-04\n/devstoreaccount1/devstoreaccount1/azure-webjobs-hosts/locks/desktop1cadh3d-1595876456/host\ncomp:lease"
2025-12-15T17:16:58.815Z 931fbdea-1e8a-4337-83d8-0189c509088d info: BlobSharedKeyAuthenticator:validate() Calculated authentication header based on key1: SharedKey devstoreaccount1:ADV2uZqqcnF78uo6pDDSbXBY43UVdO9YtV5IZ7RozRY=
2025-12-15T17:16:58.815Z 931fbdea-1e8a-4337-83d8-0189c509088d info: BlobSharedKeyAuthenticator:validate() Signature 1 matched.
2025-12-15T17:16:58.815Z 931fbdea-1e8a-4337-83d8-0189c509088d verbose: DeserializerMiddleware: Start deserializing...
2025-12-15T17:16:58.816Z 931fbdea-1e8a-4337-83d8-0189c509088d info: HandlerMiddleware: DeserializedParameters={"options":{"duration":15,"proposedLeaseId":"000000000000000000000000047730FC","requestId":"09f17ad8-2f63-4695-90a7-88d08f3b5457","modifiedAccessConditions":{}},"comp":"lease","version":"2024-08-04","action":"acquire"}
2025-12-15T17:16:58.820Z 931fbdea-1e8a-4337-83d8-0189c509088d verbose: SerializerMiddleware: Start serializing...
2025-12-15T17:16:58.821Z 931fbdea-1e8a-4337-83d8-0189c509088d verbose: Send Blob telemetry: B_Blob_AcquireLease
2025-12-15T17:16:58.821Z 931fbdea-1e8a-4337-83d8-0189c509088d info: EndMiddleware: End response. TotalTimeInMS=12 StatusCode=201 StatusMessage=undefined Headers={"server":"Azurite-Blob/3.35.0","etag":"\"0x1C00319EA413DC0\"","last-modified":"Mon, 15 Dec 2025 17:16:58 GMT","x-ms-lease-id":"000000000000000000000000047730FC","x-ms-client-request-id":"09f17ad8-2f63-4695-90a7-88d08f3b5457","x-ms-request-id":"931fbdea-1e8a-4337-83d8-0189c509088d","x-ms-version":"2025-11-05","date":"Mon, 15 Dec 2025 17:16:58 GMT"}
2025-12-15T17:16:58.834Z 77cee4fd-088c-4744-a6ab-7f4c977e173d info: BlobStorageContextMiddleware: RequestMethod=HEAD RequestURL=http://127.0.0.1/devstoreaccount1/azure-webjobs-hosts/locks/desktop1cadh3d-1595876456/host RequestHeaders:{"host":"127.0.0.1:10000","x-ms-version":"2024-08-04","accept":"application/xml","x-ms-client-request-id":"d13a1f06-07aa-4ed8-85f9-75cc3994dcea","x-ms-return-client-request-id":"true","user-agent":"azsdk-net-Storage.Blobs/12.21.2 (.NET 8.0.21; Microsoft Windows 10.0.26200)","x-ms-date":"Mon, 15 Dec 2025 17:16:58 GMT","authorization":"SharedKey devstoreaccount1:KmVRuyPHegbcDTAmg/t1oexacnwPNAbz1naqnM61exQ="} ClientIP=127.0.0.1 Protocol=http HTTPVersion=1.1
2025-12-15T17:16:58.834Z 77cee4fd-088c-4744-a6ab-7f4c977e173d info: BlobStorageContextMiddleware: Account=devstoreaccount1 Container=azure-webjobs-hosts Blob=locks/desktop1cadh3d-1595876456/host
2025-12-15T17:16:58.834Z 77cee4fd-088c-4744-a6ab-7f4c977e173d verbose: DispatchMiddleware: Dispatching request...
2025-12-15T17:16:58.835Z 77cee4fd-088c-4744-a6ab-7f4c977e173d info: DispatchMiddleware: Operation=Blob_GetProperties
2025-12-15T17:16:58.836Z 77cee4fd-088c-4744-a6ab-7f4c977e173d verbose: AuthenticationMiddlewareFactory:createAuthenticationMiddleware() Validating authentications.
2025-12-15T17:16:58.836Z 77cee4fd-088c-4744-a6ab-7f4c977e173d info: PublicAccessAuthenticator:validate() Start validation against public access.
2025-12-15T17:16:58.836Z 77cee4fd-088c-4744-a6ab-7f4c977e173d debug: PublicAccessAuthenticator:validate() Getting account properties...
2025-12-15T17:16:58.836Z 77cee4fd-088c-4744-a6ab-7f4c977e173d debug: PublicAccessAuthenticator:validate() Retrieved account name from context: devstoreaccount1, container: azure-webjobs-hosts, blob: locks/desktop1cadh3d-1595876456/host
2025-12-15T17:16:58.836Z 77cee4fd-088c-4744-a6ab-7f4c977e173d debug: PublicAccessAuthenticator:validate() Skip public access authentication. Cannot get public access type for container azure-webjobs-hosts
2025-12-15T17:16:58.836Z 77cee4fd-088c-4744-a6ab-7f4c977e173d info: BlobSharedKeyAuthenticator:validate() Start validation against account shared key authentication.
2025-12-15T17:16:58.837Z 77cee4fd-088c-4744-a6ab-7f4c977e173d info: BlobSharedKeyAuthenticator:validate() [STRING TO SIGN]:"HEAD\n\n\n\n\n\n\n\n\n\n\n\nx-ms-client-request-id:d13a1f06-07aa-4ed8-85f9-75cc3994dcea\nx-ms-date:Mon, 15 Dec 2025 17:16:58 GMT\nx-ms-return-client-request-id:true\nx-ms-version:2024-08-04\n/devstoreaccount1/devstoreaccount1/azure-webjobs-hosts/locks/desktop1cadh3d-1595876456/host"
2025-12-15T17:16:58.837Z 77cee4fd-088c-4744-a6ab-7f4c977e173d info: BlobSharedKeyAuthenticator:validate() Calculated authentication header based on key1: SharedKey devstoreaccount1:KmVRuyPHegbcDTAmg/t1oexacnwPNAbz1naqnM61exQ=
2025-12-15T17:16:58.837Z 77cee4fd-088c-4744-a6ab-7f4c977e173d info: BlobSharedKeyAuthenticator:validate() Signature 1 matched.
2025-12-15T17:16:58.837Z 77cee4fd-088c-4744-a6ab-7f4c977e173d verbose: DeserializerMiddleware: Start deserializing...
2025-12-15T17:16:58.837Z 77cee4fd-088c-4744-a6ab-7f4c977e173d info: HandlerMiddleware: DeserializedParameters={"options":{"requestId":"d13a1f06-07aa-4ed8-85f9-75cc3994dcea","leaseAccessConditions":{},"cpkInfo":{},"modifiedAccessConditions":{}},"version":"2024-08-04"}
2025-12-15T17:16:58.839Z 77cee4fd-088c-4744-a6ab-7f4c977e173d verbose: SerializerMiddleware: Start serializing...
2025-12-15T17:16:58.840Z 77cee4fd-088c-4744-a6ab-7f4c977e173d verbose: Send Blob telemetry: B_Blob_GetProperties
2025-12-15T17:16:58.841Z 77cee4fd-088c-4744-a6ab-7f4c977e173d info: EndMiddleware: End response. TotalTimeInMS=7 StatusCode=200 StatusMessage=undefined Headers={"server":"Azurite-Blob/3.35.0","last-modified":"Mon, 15 Dec 2025 17:16:58 GMT","x-ms-creation-time":"Mon, 15 Dec 2025 17:16:58 GMT","x-ms-blob-type":"BlockBlob","x-ms-lease-duration":"fixed","x-ms-lease-state":"leased","x-ms-lease-status":"locked","content-length":"0","content-type":"application/octet-stream","etag":"\"0x1C00319EA413DC0\"","content-md5":"1B2M2Y8AsgTpgAmY7PhCfg==","x-ms-client-request-id":"d13a1f06-07aa-4ed8-85f9-75cc3994dcea","x-ms-request-id":"77cee4fd-088c-4744-a6ab-7f4c977e173d","x-ms-version":"2025-11-05","date":"Mon, 15 Dec 2025 17:16:58 GMT","accept-ranges":"bytes","x-ms-server-encrypted":"true","x-ms-access-tier":"Hot","x-ms-access-tier-inferred":"true","x-ms-access-tier-change-time":"Mon, 15 Dec 2025 17:16:58 GMT"}
2025-12-15T17:16:58.878Z b8b9c2f8-7dec-458d-a9e6-19b6fcd688de info: BlobStorageContextMiddleware: RequestMethod=PUT RequestURL=http://127.0.0.1/devstoreaccount1/azure-webjobs-hosts/locks/desktop1cadh3d-1595876456/host?comp=metadata RequestHeaders:{"host":"127.0.0.1:10000","x-ms-meta-functioninstance":"000000000000000000000000047730FC","x-ms-lease-id":"000000000000000000000000047730FC","x-ms-version":"2024-08-04","accept":"application/xml","x-ms-client-request-id":"d968ea06-d1d7-46b2-bf49-3814fca69ed8","x-ms-return-client-request-id":"true","user-agent":"azsdk-net-Storage.Blobs/12.21.2 (.NET 8.0.21; Microsoft Windows 10.0.26200)","x-ms-date":"Mon, 15 Dec 2025 17:16:58 GMT","authorization":"SharedKey devstoreaccount1:crfQtc1K6seWLsXdlxPmDeC3p2BH4bt+yfi2AS/+qEI=","content-length":"0"} ClientIP=127.0.0.1 Protocol=http HTTPVersion=1.1
2025-12-15T17:16:58.878Z b8b9c2f8-7dec-458d-a9e6-19b6fcd688de info: BlobStorageContextMiddleware: Account=devstoreaccount1 Container=azure-webjobs-hosts Blob=locks/desktop1cadh3d-1595876456/host
2025-12-15T17:16:58.879Z b8b9c2f8-7dec-458d-a9e6-19b6fcd688de verbose: DispatchMiddleware: Dispatching request...
2025-12-15T17:16:58.881Z b8b9c2f8-7dec-458d-a9e6-19b6fcd688de info: DispatchMiddleware: Operation=Blob_SetMetadata
2025-12-15T17:16:58.881Z b8b9c2f8-7dec-458d-a9e6-19b6fcd688de verbose: AuthenticationMiddlewareFactory:createAuthenticationMiddleware() Validating authentications.
2025-12-15T17:16:58.881Z b8b9c2f8-7dec-458d-a9e6-19b6fcd688de info: PublicAccessAuthenticator:validate() Start validation against public access.
2025-12-15T17:16:58.881Z b8b9c2f8-7dec-458d-a9e6-19b6fcd688de debug: PublicAccessAuthenticator:validate() Getting account properties...
2025-12-15T17:16:58.882Z b8b9c2f8-7dec-458d-a9e6-19b6fcd688de debug: PublicAccessAuthenticator:validate() Retrieved account name from context: devstoreaccount1, container: azure-webjobs-hosts, blob: locks/desktop1cadh3d-1595876456/host
2025-12-15T17:16:58.882Z b8b9c2f8-7dec-458d-a9e6-19b6fcd688de debug: PublicAccessAuthenticator:validate() Skip public access authentication. Cannot get public access type for container azure-webjobs-hosts
2025-12-15T17:16:58.882Z b8b9c2f8-7dec-458d-a9e6-19b6fcd688de info: BlobSharedKeyAuthenticator:validate() Start validation against account shared key authentication.
2025-12-15T17:16:58.883Z b8b9c2f8-7dec-458d-a9e6-19b6fcd688de info: BlobSharedKeyAuthenticator:validate() [STRING TO SIGN]:"PUT\n\n\n\n\n\n\n\n\n\n\n\nx-ms-client-request-id:d968ea06-d1d7-46b2-bf49-3814fca69ed8\nx-ms-date:Mon, 15 Dec 2025 17:16:58 GMT\nx-ms-lease-id:000000000000000000000000047730FC\nx-ms-meta-functioninstance:000000000000000000000000047730FC\nx-ms-return-client-request-id:true\nx-ms-version:2024-08-04\n/devstoreaccount1/devstoreaccount1/azure-webjobs-hosts/locks/desktop1cadh3d-1595876456/host\ncomp:metadata"
2025-12-15T17:16:58.883Z b8b9c2f8-7dec-458d-a9e6-19b6fcd688de info: BlobSharedKeyAuthenticator:validate() Calculated authentication header based on key1: SharedKey devstoreaccount1:crfQtc1K6seWLsXdlxPmDeC3p2BH4bt+yfi2AS/+qEI=
2025-12-15T17:16:58.883Z b8b9c2f8-7dec-458d-a9e6-19b6fcd688de info: BlobSharedKeyAuthenticator:validate() Signature 1 matched.
2025-12-15T17:16:58.883Z b8b9c2f8-7dec-458d-a9e6-19b6fcd688de verbose: DeserializerMiddleware: Start deserializing...
2025-12-15T17:16:58.884Z b8b9c2f8-7dec-458d-a9e6-19b6fcd688de info: HandlerMiddleware: DeserializedParameters={"options":{"metadata":{"functioninstance":"000000000000000000000000047730FC"},"requestId":"d968ea06-d1d7-46b2-bf49-3814fca69ed8","leaseAccessConditions":{"leaseId":"000000000000000000000000047730FC"},"cpkInfo":{},"cpkScopeInfo":{},"modifiedAccessConditions":{}},"comp":"metadata","version":"2024-08-04"}
2025-12-15T17:16:58.887Z b8b9c2f8-7dec-458d-a9e6-19b6fcd688de verbose: SerializerMiddleware: Start serializing...
2025-12-15T17:16:58.888Z b8b9c2f8-7dec-458d-a9e6-19b6fcd688de verbose: Send Blob telemetry: B_Blob_SetMetadata
2025-12-15T17:16:58.888Z b8b9c2f8-7dec-458d-a9e6-19b6fcd688de info: EndMiddleware: End response. TotalTimeInMS=10 StatusCode=200 StatusMessage=undefined Headers={"server":"Azurite-Blob/3.35.0","etag":"\"0x25716DDD2A8B240\"","last-modified":"Mon, 15 Dec 2025 17:16:58 GMT","x-ms-client-request-id":"d968ea06-d1d7-46b2-bf49-3814fca69ed8","x-ms-request-id":"b8b9c2f8-7dec-458d-a9e6-19b6fcd688de","x-ms-version":"2025-11-05","date":"Mon, 15 Dec 2025 17:16:58 GMT","x-ms-request-server-encrypted":"true"}
2025-12-15T17:17:10.934Z 7240c14e-8cf9-42d8-ae05-eb98df1ee3f2 info: BlobStorageContextMiddleware: RequestMethod=PUT RequestURL=http://127.0.0.1/devstoreaccount1/azure-webjobs-hosts/locks/desktop1cadh3d-1595876456/host?comp=lease RequestHeaders:{"host":"127.0.0.1:10000","x-ms-lease-action":"renew","x-ms-lease-id":"000000000000000000000000047730FC","x-ms-version":"2024-08-04","accept":"application/xml","x-ms-client-request-id":"24c611d1-c797-4eba-a317-bb683cd857db","x-ms-return-client-request-id":"true","user-agent":"azsdk-net-Storage.Blobs/12.21.2 (.NET 8.0.21; Microsoft Windows 10.0.26200)","x-ms-date":"Mon, 15 Dec 2025 17:17:10 GMT","authorization":"SharedKey devstoreaccount1:y7HrM6YwUdiyKqi7+gdRYdaGkaVBj+eV5VCp90HM1J0=","content-length":"0"} ClientIP=127.0.0.1 Protocol=http HTTPVersion=1.1
2025-12-15T17:17:10.934Z 7240c14e-8cf9-42d8-ae05-eb98df1ee3f2 info: BlobStorageContextMiddleware: Account=devstoreaccount1 Container=azure-webjobs-hosts Blob=locks/desktop1cadh3d-1595876456/host
2025-12-15T17:17:10.934Z 7240c14e-8cf9-42d8-ae05-eb98df1ee3f2 verbose: DispatchMiddleware: Dispatching request...
2025-12-15T17:17:10.939Z 7240c14e-8cf9-42d8-ae05-eb98df1ee3f2 info: DispatchMiddleware: Operation=Blob_RenewLease
2025-12-15T17:17:10.940Z 7240c14e-8cf9-42d8-ae05-eb98df1ee3f2 verbose: AuthenticationMiddlewareFactory:createAuthenticationMiddleware() Validating authentications.
2025-12-15T17:17:10.941Z 7240c14e-8cf9-42d8-ae05-eb98df1ee3f2 info: PublicAccessAuthenticator:validate() Start validation against public access.
2025-12-15T17:17:10.941Z 7240c14e-8cf9-42d8-ae05-eb98df1ee3f2 debug: PublicAccessAuthenticator:validate() Getting account properties...
2025-12-15T17:17:10.941Z 7240c14e-8cf9-42d8-ae05-eb98df1ee3f2 debug: PublicAccessAuthenticator:validate() Retrieved account name from context: devstoreaccount1, container: azure-webjobs-hosts, blob: locks/desktop1cadh3d-1595876456/host
2025-12-15T17:17:10.941Z 7240c14e-8cf9-42d8-ae05-eb98df1ee3f2 debug: PublicAccessAuthenticator:validate() Skip public access authentication. Cannot get public access type for container azure-webjobs-hosts
2025-12-15T17:17:10.942Z 7240c14e-8cf9-42d8-ae05-eb98df1ee3f2 info: BlobSharedKeyAuthenticator:validate() Start validation against account shared key authentication.
2025-12-15T17:17:10.943Z 7240c14e-8cf9-42d8-ae05-eb98df1ee3f2 info: BlobSharedKeyAuthenticator:validate() [STRING TO SIGN]:"PUT\n\n\n\n\n\n\n\n\n\n\n\nx-ms-client-request-id:24c611d1-c797-4eba-a317-bb683cd857db\nx-ms-date:Mon, 15 Dec 2025 17:17:10 GMT\nx-ms-lease-action:renew\nx-ms-lease-id:000000000000000000000000047730FC\nx-ms-return-client-request-id:true\nx-ms-version:2024-08-04\n/devstoreaccount1/devstoreaccount1/azure-webjobs-hosts/locks/desktop1cadh3d-1595876456/host\ncomp:lease"
2025-12-15T17:17:10.944Z 7240c14e-8cf9-42d8-ae05-eb98df1ee3f2 info: BlobSharedKeyAuthenticator:validate() Calculated authentication header based on key1: SharedKey devstoreaccount1:y7HrM6YwUdiyKqi7+gdRYdaGkaVBj+eV5VCp90HM1J0=
2025-12-15T17:17:10.944Z 7240c14e-8cf9-42d8-ae05-eb98df1ee3f2 info: BlobSharedKeyAuthenticator:validate() Signature 1 matched.
2025-12-15T17:17:10.945Z 7240c14e-8cf9-42d8-ae05-eb98df1ee3f2 verbose: DeserializerMiddleware: Start deserializing...
2025-12-15T17:17:10.945Z 7240c14e-8cf9-42d8-ae05-eb98df1ee3f2 info: HandlerMiddleware: DeserializedParameters={"options":{"requestId":"24c611d1-c797-4eba-a317-bb683cd857db","modifiedAccessConditions":{}},"comp":"lease","leaseId":"000000000000000000000000047730FC","version":"2024-08-04","action":"renew"}
2025-12-15T17:17:10.947Z 7240c14e-8cf9-42d8-ae05-eb98df1ee3f2 verbose: SerializerMiddleware: Start serializing...
2025-12-15T17:17:10.948Z 7240c14e-8cf9-42d8-ae05-eb98df1ee3f2 verbose: Send Blob telemetry: B_Blob_RenewLease
2025-12-15T17:17:10.948Z 7240c14e-8cf9-42d8-ae05-eb98df1ee3f2 info: EndMiddleware: End response. TotalTimeInMS=15 StatusCode=200 StatusMessage=undefined Headers={"server":"Azurite-Blob/3.35.0","etag":"\"0x25716DDD2A8B240\"","last-modified":"Mon, 15 Dec 2025 17:16:58 GMT","x-ms-lease-id":"000000000000000000000000047730FC","x-ms-client-request-id":"24c611d1-c797-4eba-a317-bb683cd857db","x-ms-request-id":"7240c14e-8cf9-42d8-ae05-eb98df1ee3f2","x-ms-version":"2025-11-05","date":"Mon, 15 Dec 2025 17:17:10 GMT"}
2025-12-15T17:17:19.352Z 	 info: AccountDataStore:init() Refresh accounts from environment variable AZURITE_ACCOUNTS with value undefined
2025-12-15T17:17:19.352Z 	 info: AccountDataStore:init() Fallback to default emulator account devstoreaccount1.
2025-12-15T17:17:19.384Z 	 info: AccountDataStore:init() Refresh accounts from environment variable AZURITE_ACCOUNTS with value undefined
2025-12-15T17:17:19.384Z 	 info: AccountDataStore:init() Fallback to default emulator account devstoreaccount1.
2025-12-15T17:17:19.416Z 	 info: QueueGCManager:markSweepLoop() Start new mark and sweep.
2025-12-15T17:17:19.416Z 	 info: QueueGCManger:markSweep() Get all extents.
2025-12-15T17:17:19.416Z 	 info: QueueGCManager:marksweep() Get 0 extents.
2025-12-15T17:17:19.416Z 	 info: QueueGCManager:markSweep() Get referred extents, then remove from allExtents.
2025-12-15T17:17:19.416Z 	 info: QueueGCManager:markSweep() Got referred extents, unreferenced extents count is 0.
2025-12-15T17:17:19.416Z 	 info: QueueGCManager:markSweepLoop() Mark and sweep finished, take 0ms.
2025-12-15T17:17:19.416Z 	 info: QueueGCManager:markSweepLoop() Sleep for 60000
2025-12-15T17:17:19.416Z 	 info: AccountDataStore:init() Refresh accounts from environment variable AZURITE_ACCOUNTS with value undefined
2025-12-15T17:17:19.416Z 	 info: AccountDataStore:init() Fallback to default emulator account devstoreaccount1.
2025-12-15T17:17:22.916Z a8e8d3c8-b4b3-46d5-b7a1-b7ebb7f36e83 info: BlobStorageContextMiddleware: RequestMethod=PUT RequestURL=http://127.0.0.1/devstoreaccount1/azure-webjobs-hosts/locks/desktop1cadh3d-1595876456/host?comp=lease RequestHeaders:{"host":"127.0.0.1:10000","x-ms-lease-action":"renew","x-ms-lease-id":"000000000000000000000000047730FC","x-ms-version":"2024-08-04","accept":"application/xml","x-ms-client-request-id":"d7f1dbbb-1878-4105-82b9-f4bd7e23d50d","x-ms-return-client-request-id":"true","user-agent":"azsdk-net-Storage.Blobs/12.21.2 (.NET 8.0.21; Microsoft Windows 10.0.26200)","x-ms-date":"Mon, 15 Dec 2025 17:17:22 GMT","authorization":"SharedKey devstoreaccount1:69liSVRi8EmOYIsqIIvrL2PVkUhzxLUCSGj3/RESQsA=","content-length":"0"} ClientIP=127.0.0.1 Protocol=http HTTPVersion=1.1
2025-12-15T17:17:22.917Z a8e8d3c8-b4b3-46d5-b7a1-b7ebb7f36e83 info: BlobStorageContextMiddleware: Account=devstoreaccount1 Container=azure-webjobs-hosts Blob=locks/desktop1cadh3d-1595876456/host
2025-12-15T17:17:22.917Z a8e8d3c8-b4b3-46d5-b7a1-b7ebb7f36e83 verbose: DispatchMiddleware: Dispatching request...
2025-12-15T17:17:22.920Z a8e8d3c8-b4b3-46d5-b7a1-b7ebb7f36e83 info: DispatchMiddleware: Operation=Blob_RenewLease
2025-12-15T17:17:22.921Z a8e8d3c8-b4b3-46d5-b7a1-b7ebb7f36e83 verbose: AuthenticationMiddlewareFactory:createAuthenticationMiddleware() Validating authentications.
2025-12-15T17:17:22.921Z a8e8d3c8-b4b3-46d5-b7a1-b7ebb7f36e83 info: PublicAccessAuthenticator:validate() Start validation against public access.
2025-12-15T17:17:22.921Z a8e8d3c8-b4b3-46d5-b7a1-b7ebb7f36e83 debug: PublicAccessAuthenticator:validate() Getting account properties...
2025-12-15T17:17:22.921Z a8e8d3c8-b4b3-46d5-b7a1-b7ebb7f36e83 debug: PublicAccessAuthenticator:validate() Retrieved account name from context: devstoreaccount1, container: azure-webjobs-hosts, blob: locks/desktop1cadh3d-1595876456/host
2025-12-15T17:17:22.922Z a8e8d3c8-b4b3-46d5-b7a1-b7ebb7f36e83 debug: PublicAccessAuthenticator:validate() Skip public access authentication. Cannot get public access type for container azure-webjobs-hosts
2025-12-15T17:17:22.922Z a8e8d3c8-b4b3-46d5-b7a1-b7ebb7f36e83 info: BlobSharedKeyAuthenticator:validate() Start validation against account shared key authentication.
2025-12-15T17:17:22.923Z a8e8d3c8-b4b3-46d5-b7a1-b7ebb7f36e83 info: BlobSharedKeyAuthenticator:validate() [STRING TO SIGN]:"PUT\n\n\n\n\n\n\n\n\n\n\n\nx-ms-client-request-id:d7f1dbbb-1878-4105-82b9-f4bd7e23d50d\nx-ms-date:Mon, 15 Dec 2025 17:17:22 GMT\nx-ms-lease-action:renew\nx-ms-lease-id:000000000000000000000000047730FC\nx-ms-return-client-request-id:true\nx-ms-version:2024-08-04\n/devstoreaccount1/devstoreaccount1/azure-webjobs-hosts/locks/desktop1cadh3d-1595876456/host\ncomp:lease"
2025-12-15T17:17:22.923Z a8e8d3c8-b4b3-46d5-b7a1-b7ebb7f36e83 info: BlobSharedKeyAuthenticator:validate() Calculated authentication header based on key1: SharedKey devstoreaccount1:69liSVRi8EmOYIsqIIvrL2PVkUhzxLUCSGj3/RESQsA=
2025-12-15T17:17:22.923Z a8e8d3c8-b4b3-46d5-b7a1-b7ebb7f36e83 info: BlobSharedKeyAuthenticator:validate() Signature 1 matched.
2025-12-15T17:17:22.923Z a8e8d3c8-b4b3-46d5-b7a1-b7ebb7f36e83 verbose: DeserializerMiddleware: Start deserializing...
2025-12-15T17:17:22.924Z a8e8d3c8-b4b3-46d5-b7a1-b7ebb7f36e83 info: HandlerMiddleware: DeserializedParameters={"options":{"requestId":"d7f1dbbb-1878-4105-82b9-f4bd7e23d50d","modifiedAccessConditions":{}},"comp":"lease","leaseId":"000000000000000000000000047730FC","version":"2024-08-04","action":"renew"}
2025-12-15T17:17:22.925Z a8e8d3c8-b4b3-46d5-b7a1-b7ebb7f36e83 verbose: SerializerMiddleware: Start serializing...
2025-12-15T17:17:22.927Z a8e8d3c8-b4b3-46d5-b7a1-b7ebb7f36e83 verbose: Send Blob telemetry: B_Blob_RenewLease
2025-12-15T17:17:22.927Z a8e8d3c8-b4b3-46d5-b7a1-b7ebb7f36e83 info: EndMiddleware: End response. TotalTimeInMS=11 StatusCode=200 StatusMessage=undefined Headers={"server":"Azurite-Blob/3.35.0","etag":"\"0x25716DDD2A8B240\"","last-modified":"Mon, 15 Dec 2025 17:16:58 GMT","x-ms-lease-id":"000000000000000000000000047730FC","x-ms-client-request-id":"d7f1dbbb-1878-4105-82b9-f4bd7e23d50d","x-ms-request-id":"a8e8d3c8-b4b3-46d5-b7a1-b7ebb7f36e83","x-ms-version":"2025-11-05","date":"Mon, 15 Dec 2025 17:17:22 GMT"}
2025-12-15T17:17:34.911Z 1c7087ff-8465-4d9c-b265-3d3509670472 info: BlobStorageContextMiddleware: RequestMethod=PUT RequestURL=http://127.0.0.1/devstoreaccount1/azure-webjobs-hosts/locks/desktop1cadh3d-1595876456/host?comp=lease RequestHeaders:{"host":"127.0.0.1:10000","x-ms-lease-action":"renew","x-ms-lease-id":"000000000000000000000000047730FC","x-ms-version":"2024-08-04","accept":"application/xml","x-ms-client-request-id":"ebab67a8-e1d4-4416-ae02-d27aa9d63045","x-ms-return-client-request-id":"true","user-agent":"azsdk-net-Storage.Blobs/12.21.2 (.NET 8.0.21; Microsoft Windows 10.0.26200)","x-ms-date":"Mon, 15 Dec 2025 17:17:34 GMT","authorization":"SharedKey devstoreaccount1:IvfigLOhHdFPyNZ3dJufZBoD+r4i4r+834gkwsTpUMU=","content-length":"0"} ClientIP=127.0.0.1 Protocol=http HTTPVersion=1.1
2025-12-15T17:17:34.911Z 1c7087ff-8465-4d9c-b265-3d3509670472 info: BlobStorageContextMiddleware: Account=devstoreaccount1 Container=azure-webjobs-hosts Blob=locks/desktop1cadh3d-1595876456/host
2025-12-15T17:17:34.911Z 1c7087ff-8465-4d9c-b265-3d3509670472 verbose: DispatchMiddleware: Dispatching request...
2025-12-15T17:17:34.913Z 1c7087ff-8465-4d9c-b265-3d3509670472 info: DispatchMiddleware: Operation=Blob_RenewLease
2025-12-15T17:17:34.913Z 1c7087ff-8465-4d9c-b265-3d3509670472 verbose: AuthenticationMiddlewareFactory:createAuthenticationMiddleware() Validating authentications.
2025-12-15T17:17:34.913Z 1c7087ff-8465-4d9c-b265-3d3509670472 info: PublicAccessAuthenticator:validate() Start validation against public access.
2025-12-15T17:17:34.913Z 1c7087ff-8465-4d9c-b265-3d3509670472 debug: PublicAccessAuthenticator:validate() Getting account properties...
2025-12-15T17:17:34.913Z 1c7087ff-8465-4d9c-b265-3d3509670472 debug: PublicAccessAuthenticator:validate() Retrieved account name from context: devstoreaccount1, container: azure-webjobs-hosts, blob: locks/desktop1cadh3d-1595876456/host
2025-12-15T17:17:34.913Z 1c7087ff-8465-4d9c-b265-3d3509670472 debug: PublicAccessAuthenticator:validate() Skip public access authentication. Cannot get public access type for container azure-webjobs-hosts
2025-12-15T17:17:34.913Z 1c7087ff-8465-4d9c-b265-3d3509670472 info: BlobSharedKeyAuthenticator:validate() Start validation against account shared key authentication.
2025-12-15T17:17:34.914Z 1c7087ff-8465-4d9c-b265-3d3509670472 info: BlobSharedKeyAuthenticator:validate() [STRING TO SIGN]:"PUT\n\n\n\n\n\n\n\n\n\n\n\nx-ms-client-request-id:ebab67a8-e1d4-4416-ae02-d27aa9d63045\nx-ms-date:Mon, 15 Dec 2025 17:17:34 GMT\nx-ms-lease-action:renew\nx-ms-lease-id:000000000000000000000000047730FC\nx-ms-return-client-request-id:true\nx-ms-version:2024-08-04\n/devstoreaccount1/devstoreaccount1/azure-webjobs-hosts/locks/desktop1cadh3d-1595876456/host\ncomp:lease"
2025-12-15T17:17:34.914Z 1c7087ff-8465-4d9c-b265-3d3509670472 info: BlobSharedKeyAuthenticator:validate() Calculated authentication header based on key1: SharedKey devstoreaccount1:IvfigLOhHdFPyNZ3dJufZBoD+r4i4r+834gkwsTpUMU=
2025-12-15T17:17:34.914Z 1c7087ff-8465-4d9c-b265-3d3509670472 info: BlobSharedKeyAuthenticator:validate() Signature 1 matched.
2025-12-15T17:17:34.914Z 1c7087ff-8465-4d9c-b265-3d3509670472 verbose: DeserializerMiddleware: Start deserializing...
2025-12-15T17:17:34.914Z 1c7087ff-8465-4d9c-b265-3d3509670472 info: HandlerMiddleware: DeserializedParameters={"options":{"requestId":"ebab67a8-e1d4-4416-ae02-d27aa9d63045","modifiedAccessConditions":{}},"comp":"lease","leaseId":"000000000000000000000000047730FC","version":"2024-08-04","action":"renew"}
2025-12-15T17:17:34.915Z 1c7087ff-8465-4d9c-b265-3d3509670472 verbose: SerializerMiddleware: Start serializing...
2025-12-15T17:17:34.915Z 1c7087ff-8465-4d9c-b265-3d3509670472 verbose: Send Blob telemetry: B_Blob_RenewLease
2025-12-15T17:17:34.915Z 1c7087ff-8465-4d9c-b265-3d3509670472 info: EndMiddleware: End response. TotalTimeInMS=4 StatusCode=200 StatusMessage=undefined Headers={"server":"Azurite-Blob/3.35.0","etag":"\"0x25716DDD2A8B240\"","last-modified":"Mon, 15 Dec 2025 17:16:58 GMT","x-ms-lease-id":"000000000000000000000000047730FC","x-ms-client-request-id":"ebab67a8-e1d4-4416-ae02-d27aa9d63045","x-ms-request-id":"1c7087ff-8465-4d9c-b265-3d3509670472","x-ms-version":"2025-11-05","date":"Mon, 15 Dec 2025 17:17:34 GMT"}
2025-12-15T17:17:46.913Z 449dc096-04ad-41e6-9142-5a4977dcbc06 info: BlobStorageContextMiddleware: RequestMethod=PUT RequestURL=http://127.0.0.1/devstoreaccount1/azure-webjobs-hosts/locks/desktop1cadh3d-1595876456/host?comp=lease RequestHeaders:{"host":"127.0.0.1:10000","x-ms-lease-action":"renew","x-ms-lease-id":"000000000000000000000000047730FC","x-ms-version":"2024-08-04","accept":"application/xml","x-ms-client-request-id":"4203f1e1-7e90-47af-9c14-a15b2930a05e","x-ms-return-client-request-id":"true","user-agent":"azsdk-net-Storage.Blobs/12.21.2 (.NET 8.0.21; Microsoft Windows 10.0.26200)","x-ms-date":"Mon, 15 Dec 2025 17:17:46 GMT","authorization":"SharedKey devstoreaccount1:TD/JFdLLlgucijihIEwcyxEjR3Vk7xpYkJ9/vK5tZeM=","content-length":"0"} ClientIP=127.0.0.1 Protocol=http HTTPVersion=1.1
2025-12-15T17:17:46.913Z 449dc096-04ad-41e6-9142-5a4977dcbc06 info: BlobStorageContextMiddleware: Account=devstoreaccount1 Container=azure-webjobs-hosts Blob=locks/desktop1cadh3d-1595876456/host
2025-12-15T17:17:46.913Z 449dc096-04ad-41e6-9142-5a4977dcbc06 verbose: DispatchMiddleware: Dispatching request...
2025-12-15T17:17:46.915Z 449dc096-04ad-41e6-9142-5a4977dcbc06 info: DispatchMiddleware: Operation=Blob_RenewLease
2025-12-15T17:17:46.916Z 449dc096-04ad-41e6-9142-5a4977dcbc06 verbose: AuthenticationMiddlewareFactory:createAuthenticationMiddleware() Validating authentications.
2025-12-15T17:17:46.916Z 449dc096-04ad-41e6-9142-5a4977dcbc06 info: PublicAccessAuthenticator:validate() Start validation against public access.
2025-12-15T17:17:46.916Z 449dc096-04ad-41e6-9142-5a4977dcbc06 debug: PublicAccessAuthenticator:validate() Getting account properties...
2025-12-15T17:17:46.916Z 449dc096-04ad-41e6-9142-5a4977dcbc06 debug: PublicAccessAuthenticator:validate() Retrieved account name from context: devstoreaccount1, container: azure-webjobs-hosts, blob: locks/desktop1cadh3d-1595876456/host
2025-12-15T17:17:46.916Z 449dc096-04ad-41e6-9142-5a4977dcbc06 debug: PublicAccessAuthenticator:validate() Skip public access authentication. Cannot get public access type for container azure-webjobs-hosts
2025-12-15T17:17:46.917Z 449dc096-04ad-41e6-9142-5a4977dcbc06 info: BlobSharedKeyAuthenticator:validate() Start validation against account shared key authentication.
2025-12-15T17:17:46.917Z 449dc096-04ad-41e6-9142-5a4977dcbc06 info: BlobSharedKeyAuthenticator:validate() [STRING TO SIGN]:"PUT\n\n\n\n\n\n\n\n\n\n\n\nx-ms-client-request-id:4203f1e1-7e90-47af-9c14-a15b2930a05e\nx-ms-date:Mon, 15 Dec 2025 17:17:46 GMT\nx-ms-lease-action:renew\nx-ms-lease-id:000000000000000000000000047730FC\nx-ms-return-client-request-id:true\nx-ms-version:2024-08-04\n/devstoreaccount1/devstoreaccount1/azure-webjobs-hosts/locks/desktop1cadh3d-1595876456/host\ncomp:lease"
2025-12-15T17:17:46.917Z 449dc096-04ad-41e6-9142-5a4977dcbc06 info: BlobSharedKeyAuthenticator:validate() Calculated authentication header based on key1: SharedKey devstoreaccount1:TD/JFdLLlgucijihIEwcyxEjR3Vk7xpYkJ9/vK5tZeM=
2025-12-15T17:17:46.917Z 449dc096-04ad-41e6-9142-5a4977dcbc06 info: BlobSharedKeyAuthenticator:validate() Signature 1 matched.
2025-12-15T17:17:46.917Z 449dc096-04ad-41e6-9142-5a4977dcbc06 verbose: DeserializerMiddleware: Start deserializing...
2025-12-15T17:17:46.918Z 449dc096-04ad-41e6-9142-5a4977dcbc06 info: HandlerMiddleware: DeserializedParameters={"options":{"requestId":"4203f1e1-7e90-47af-9c14-a15b2930a05e","modifiedAccessConditions":{}},"comp":"lease","leaseId":"000000000000000000000000047730FC","version":"2024-08-04","action":"renew"}
2025-12-15T17:17:46.919Z 449dc096-04ad-41e6-9142-5a4977dcbc06 verbose: SerializerMiddleware: Start serializing...
2025-12-15T17:17:46.919Z 449dc096-04ad-41e6-9142-5a4977dcbc06 verbose: Send Blob telemetry: B_Blob_RenewLease
2025-12-15T17:17:46.919Z 449dc096-04ad-41e6-9142-5a4977dcbc06 info: EndMiddleware: End response. TotalTimeInMS=6 StatusCode=200 StatusMessage=undefined Headers={"server":"Azurite-Blob/3.35.0","etag":"\"0x25716DDD2A8B240\"","last-modified":"Mon, 15 Dec 2025 17:16:58 GMT","x-ms-lease-id":"000000000000000000000000047730FC","x-ms-client-request-id":"4203f1e1-7e90-47af-9c14-a15b2930a05e","x-ms-request-id":"449dc096-04ad-41e6-9142-5a4977dcbc06","x-ms-version":"2025-11-05","date":"Mon, 15 Dec 2025 17:17:46 GMT"}
2025-12-15T17:17:58.909Z 81e701bc-9c04-4201-a246-5651d1b3e8d4 info: BlobStorageContextMiddleware: RequestMethod=PUT RequestURL=http://127.0.0.1/devstoreaccount1/azure-webjobs-hosts/locks/desktop1cadh3d-1595876456/host?comp=lease RequestHeaders:{"host":"127.0.0.1:10000","x-ms-lease-action":"renew","x-ms-lease-id":"000000000000000000000000047730FC","x-ms-version":"2024-08-04","accept":"application/xml","x-ms-client-request-id":"8138d672-46b2-4f03-9343-92b89fbb63c4","x-ms-return-client-request-id":"true","user-agent":"azsdk-net-Storage.Blobs/12.21.2 (.NET 8.0.21; Microsoft Windows 10.0.26200)","x-ms-date":"Mon, 15 Dec 2025 17:17:58 GMT","authorization":"SharedKey devstoreaccount1:PM2e0mdWgttAL70TPgBc0VMX0HPS58ri1+Xq0931WiU=","content-length":"0"} ClientIP=127.0.0.1 Protocol=http HTTPVersion=1.1
2025-12-15T17:17:58.909Z 81e701bc-9c04-4201-a246-5651d1b3e8d4 info: BlobStorageContextMiddleware: Account=devstoreaccount1 Container=azure-webjobs-hosts Blob=locks/desktop1cadh3d-1595876456/host
2025-12-15T17:17:58.909Z 81e701bc-9c04-4201-a246-5651d1b3e8d4 verbose: DispatchMiddleware: Dispatching request...
2025-12-15T17:17:58.909Z 81e701bc-9c04-4201-a246-5651d1b3e8d4 info: DispatchMiddleware: Operation=Blob_RenewLease
2025-12-15T17:17:58.910Z 81e701bc-9c04-4201-a246-5651d1b3e8d4 verbose: AuthenticationMiddlewareFactory:createAuthenticationMiddleware() Validating authentications.
2025-12-15T17:17:58.910Z 81e701bc-9c04-4201-a246-5651d1b3e8d4 info: PublicAccessAuthenticator:validate() Start validation against public access.
2025-12-15T17:17:58.910Z 81e701bc-9c04-4201-a246-5651d1b3e8d4 debug: PublicAccessAuthenticator:validate() Getting account properties...
2025-12-15T17:17:58.910Z 81e701bc-9c04-4201-a246-5651d1b3e8d4 debug: PublicAccessAuthenticator:validate() Retrieved account name from context: devstoreaccount1, container: azure-webjobs-hosts, blob: locks/desktop1cadh3d-1595876456/host
2025-12-15T17:17:58.910Z 81e701bc-9c04-4201-a246-5651d1b3e8d4 debug: PublicAccessAuthenticator:validate() Skip public access authentication. Cannot get public access type for container azure-webjobs-hosts
2025-12-15T17:17:58.910Z 81e701bc-9c04-4201-a246-5651d1b3e8d4 info: BlobSharedKeyAuthenticator:validate() Start validation against account shared key authentication.
2025-12-15T17:17:58.911Z 81e701bc-9c04-4201-a246-5651d1b3e8d4 info: BlobSharedKeyAuthenticator:validate() [STRING TO SIGN]:"PUT\n\n\n\n\n\n\n\n\n\n\n\nx-ms-client-request-id:8138d672-46b2-4f03-9343-92b89fbb63c4\nx-ms-date:Mon, 15 Dec 2025 17:17:58 GMT\nx-ms-lease-action:renew\nx-ms-lease-id:000000000000000000000000047730FC\nx-ms-return-client-request-id:true\nx-ms-version:2024-08-04\n/devstoreaccount1/devstoreaccount1/azure-webjobs-hosts/locks/desktop1cadh3d-1595876456/host\ncomp:lease"
2025-12-15T17:17:58.911Z 81e701bc-9c04-4201-a246-5651d1b3e8d4 info: BlobSharedKeyAuthenticator:validate() Calculated authentication header based on key1: SharedKey devstoreaccount1:PM2e0mdWgttAL70TPgBc0VMX0HPS58ri1+Xq0931WiU=
2025-12-15T17:17:58.911Z 81e701bc-9c04-4201-a246-5651d1b3e8d4 info: BlobSharedKeyAuthenticator:validate() Signature 1 matched.
2025-12-15T17:17:58.911Z 81e701bc-9c04-4201-a246-5651d1b3e8d4 verbose: DeserializerMiddleware: Start deserializing...
2025-12-15T17:17:58.912Z 81e701bc-9c04-4201-a246-5651d1b3e8d4 info: HandlerMiddleware: DeserializedParameters={"options":{"requestId":"8138d672-46b2-4f03-9343-92b89fbb63c4","modifiedAccessConditions":{}},"comp":"lease","leaseId":"000000000000000000000000047730FC","version":"2024-08-04","action":"renew"}
2025-12-15T17:17:58.913Z 81e701bc-9c04-4201-a246-5651d1b3e8d4 verbose: SerializerMiddleware: Start serializing...
2025-12-15T17:17:58.913Z 81e701bc-9c04-4201-a246-5651d1b3e8d4 verbose: Send Blob telemetry: B_Blob_RenewLease
2025-12-15T17:17:58.913Z 81e701bc-9c04-4201-a246-5651d1b3e8d4 info: EndMiddleware: End response. TotalTimeInMS=4 StatusCode=200 StatusMessage=undefined Headers={"server":"Azurite-Blob/3.35.0","etag":"\"0x25716DDD2A8B240\"","last-modified":"Mon, 15 Dec 2025 17:16:58 GMT","x-ms-lease-id":"000000000000000000000000047730FC","x-ms-client-request-id":"8138d672-46b2-4f03-9343-92b89fbb63c4","x-ms-request-id":"81e701bc-9c04-4201-a246-5651d1b3e8d4","x-ms-version":"2025-11-05","date":"Mon, 15 Dec 2025 17:17:58 GMT"}
2025-12-15T17:18:10.922Z 56d83d82-c7c2-48ea-ae7a-6a2f3fb9122e info: BlobStorageContextMiddleware: RequestMethod=PUT RequestURL=http://127.0.0.1/devstoreaccount1/azure-webjobs-hosts/locks/desktop1cadh3d-1595876456/host?comp=lease RequestHeaders:{"host":"127.0.0.1:10000","x-ms-lease-action":"renew","x-ms-lease-id":"000000000000000000000000047730FC","x-ms-version":"2024-08-04","accept":"application/xml","x-ms-client-request-id":"77312243-2788-41ad-be7e-dc0aa149c04c","x-ms-return-client-request-id":"true","user-agent":"azsdk-net-Storage.Blobs/12.21.2 (.NET 8.0.21; Microsoft Windows 10.0.26200)","x-ms-date":"Mon, 15 Dec 2025 17:18:10 GMT","authorization":"SharedKey devstoreaccount1:SX6m1FEduND6HWPz8gpa/q/fIsxZ1oFoz6ghEDfBy1A=","content-length":"0"} ClientIP=127.0.0.1 Protocol=http HTTPVersion=1.1
2025-12-15T17:18:10.923Z 56d83d82-c7c2-48ea-ae7a-6a2f3fb9122e info: BlobStorageContextMiddleware: Account=devstoreaccount1 Container=azure-webjobs-hosts Blob=locks/desktop1cadh3d-1595876456/host
2025-12-15T17:18:10.924Z 56d83d82-c7c2-48ea-ae7a-6a2f3fb9122e verbose: DispatchMiddleware: Dispatching request...
2025-12-15T17:18:10.925Z 56d83d82-c7c2-48ea-ae7a-6a2f3fb9122e info: DispatchMiddleware: Operation=Blob_RenewLease
2025-12-15T17:18:10.926Z 56d83d82-c7c2-48ea-ae7a-6a2f3fb9122e verbose: AuthenticationMiddlewareFactory:createAuthenticationMiddleware() Validating authentications.
2025-12-15T17:18:10.926Z 56d83d82-c7c2-48ea-ae7a-6a2f3fb9122e info: PublicAccessAuthenticator:validate() Start validation against public access.
2025-12-15T17:18:10.926Z 56d83d82-c7c2-48ea-ae7a-6a2f3fb9122e debug: PublicAccessAuthenticator:validate() Getting account properties...
2025-12-15T17:18:10.926Z 56d83d82-c7c2-48ea-ae7a-6a2f3fb9122e debug: PublicAccessAuthenticator:validate() Retrieved account name from context: devstoreaccount1, container: azure-webjobs-hosts, blob: locks/desktop1cadh3d-1595876456/host
2025-12-15T17:18:10.927Z 56d83d82-c7c2-48ea-ae7a-6a2f3fb9122e debug: PublicAccessAuthenticator:validate() Skip public access authentication. Cannot get public access type for container azure-webjobs-hosts
2025-12-15T17:18:10.927Z 56d83d82-c7c2-48ea-ae7a-6a2f3fb9122e info: BlobSharedKeyAuthenticator:validate() Start validation against account shared key authentication.
2025-12-15T17:18:10.927Z 56d83d82-c7c2-48ea-ae7a-6a2f3fb9122e info: BlobSharedKeyAuthenticator:validate() [STRING TO SIGN]:"PUT\n\n\n\n\n\n\n\n\n\n\n\nx-ms-client-request-id:77312243-2788-41ad-be7e-dc0aa149c04c\nx-ms-date:Mon, 15 Dec 2025 17:18:10 GMT\nx-ms-lease-action:renew\nx-ms-lease-id:000000000000000000000000047730FC\nx-ms-return-client-request-id:true\nx-ms-version:2024-08-04\n/devstoreaccount1/devstoreaccount1/azure-webjobs-hosts/locks/desktop1cadh3d-1595876456/host\ncomp:lease"
2025-12-15T17:18:10.927Z 56d83d82-c7c2-48ea-ae7a-6a2f3fb9122e info: BlobSharedKeyAuthenticator:validate() Calculated authentication header based on key1: SharedKey devstoreaccount1:SX6m1FEduND6HWPz8gpa/q/fIsxZ1oFoz6ghEDfBy1A=
2025-12-15T17:18:10.927Z 56d83d82-c7c2-48ea-ae7a-6a2f3fb9122e info: BlobSharedKeyAuthenticator:validate() Signature 1 matched.
2025-12-15T17:18:10.927Z 56d83d82-c7c2-48ea-ae7a-6a2f3fb9122e verbose: DeserializerMiddleware: Start deserializing...
2025-12-15T17:18:10.928Z 56d83d82-c7c2-48ea-ae7a-6a2f3fb9122e info: HandlerMiddleware: DeserializedParameters={"options":{"requestId":"77312243-2788-41ad-be7e-dc0aa149c04c","modifiedAccessConditions":{}},"comp":"lease","leaseId":"000000000000000000000000047730FC","version":"2024-08-04","action":"renew"}
2025-12-15T17:18:10.928Z 56d83d82-c7c2-48ea-ae7a-6a2f3fb9122e verbose: SerializerMiddleware: Start serializing...
2025-12-15T17:18:10.929Z 56d83d82-c7c2-48ea-ae7a-6a2f3fb9122e verbose: Send Blob telemetry: B_Blob_RenewLease
2025-12-15T17:18:10.929Z 56d83d82-c7c2-48ea-ae7a-6a2f3fb9122e info: EndMiddleware: End response. TotalTimeInMS=7 StatusCode=200 StatusMessage=undefined Headers={"server":"Azurite-Blob/3.35.0","etag":"\"0x25716DDD2A8B240\"","last-modified":"Mon, 15 Dec 2025 17:16:58 GMT","x-ms-lease-id":"000000000000000000000000047730FC","x-ms-client-request-id":"77312243-2788-41ad-be7e-dc0aa149c04c","x-ms-request-id":"56d83d82-c7c2-48ea-ae7a-6a2f3fb9122e","x-ms-version":"2025-11-05","date":"Mon, 15 Dec 2025 17:18:10 GMT"}
2025-12-15T17:18:12.498Z 6c4cf389-0e4f-42ca-9301-18968aec4c7e info: BlobStorageContextMiddleware: RequestMethod=PUT RequestURL=http://127.0.0.1/devstoreaccount1/azure-webjobs-hosts/locks/desktop1cadh3d-1595876456/host?comp=lease RequestHeaders:{"host":"127.0.0.1:10000","x-ms-lease-action":"release","x-ms-lease-id":"000000000000000000000000047730FC","x-ms-version":"2024-08-04","accept":"application/xml","x-ms-client-request-id":"46a78278-0232-4996-8dd0-e31f50e36e0b","x-ms-return-client-request-id":"true","user-agent":"azsdk-net-Storage.Blobs/12.21.2 (.NET 8.0.21; Microsoft Windows 10.0.26200)","x-ms-date":"Mon, 15 Dec 2025 17:18:12 GMT","authorization":"SharedKey devstoreaccount1:ivVQczm2G7aW1he1h93rMmIgNEuXTb3N48xSGVE4Z5c=","content-length":"0"} ClientIP=127.0.0.1 Protocol=http HTTPVersion=1.1
2025-12-15T17:18:12.498Z 6c4cf389-0e4f-42ca-9301-18968aec4c7e info: BlobStorageContextMiddleware: Account=devstoreaccount1 Container=azure-webjobs-hosts Blob=locks/desktop1cadh3d-1595876456/host
2025-12-15T17:18:12.498Z 6c4cf389-0e4f-42ca-9301-18968aec4c7e verbose: DispatchMiddleware: Dispatching request...
2025-12-15T17:18:12.498Z 6c4cf389-0e4f-42ca-9301-18968aec4c7e info: DispatchMiddleware: Operation=Blob_ReleaseLease
2025-12-15T17:18:12.498Z 6c4cf389-0e4f-42ca-9301-18968aec4c7e verbose: AuthenticationMiddlewareFactory:createAuthenticationMiddleware() Validating authentications.
2025-12-15T17:18:12.498Z 6c4cf389-0e4f-42ca-9301-18968aec4c7e info: PublicAccessAuthenticator:validate() Start validation against public access.
2025-12-15T17:18:12.498Z 6c4cf389-0e4f-42ca-9301-18968aec4c7e debug: PublicAccessAuthenticator:validate() Getting account properties...
2025-12-15T17:18:12.498Z 6c4cf389-0e4f-42ca-9301-18968aec4c7e debug: PublicAccessAuthenticator:validate() Retrieved account name from context: devstoreaccount1, container: azure-webjobs-hosts, blob: locks/desktop1cadh3d-1595876456/host
2025-12-15T17:18:12.498Z 6c4cf389-0e4f-42ca-9301-18968aec4c7e debug: PublicAccessAuthenticator:validate() Skip public access authentication. Cannot get public access type for container azure-webjobs-hosts
2025-12-15T17:18:12.499Z 6c4cf389-0e4f-42ca-9301-18968aec4c7e info: BlobSharedKeyAuthenticator:validate() Start validation against account shared key authentication.
2025-12-15T17:18:12.499Z 6c4cf389-0e4f-42ca-9301-18968aec4c7e info: BlobSharedKeyAuthenticator:validate() [STRING TO SIGN]:"PUT\n\n\n\n\n\n\n\n\n\n\n\nx-ms-client-request-id:46a78278-0232-4996-8dd0-e31f50e36e0b\nx-ms-date:Mon, 15 Dec 2025 17:18:12 GMT\nx-ms-lease-action:release\nx-ms-lease-id:000000000000000000000000047730FC\nx-ms-return-client-request-id:true\nx-ms-version:2024-08-04\n/devstoreaccount1/devstoreaccount1/azure-webjobs-hosts/locks/desktop1cadh3d-1595876456/host\ncomp:lease"
2025-12-15T17:18:12.499Z 6c4cf389-0e4f-42ca-9301-18968aec4c7e info: BlobSharedKeyAuthenticator:validate() Calculated authentication header based on key1: SharedKey devstoreaccount1:ivVQczm2G7aW1he1h93rMmIgNEuXTb3N48xSGVE4Z5c=
2025-12-15T17:18:12.499Z 6c4cf389-0e4f-42ca-9301-18968aec4c7e info: BlobSharedKeyAuthenticator:validate() Signature 1 matched.
2025-12-15T17:18:12.499Z 6c4cf389-0e4f-42ca-9301-18968aec4c7e verbose: DeserializerMiddleware: Start deserializing...
2025-12-15T17:18:12.499Z 6c4cf389-0e4f-42ca-9301-18968aec4c7e info: HandlerMiddleware: DeserializedParameters={"options":{"requestId":"46a78278-0232-4996-8dd0-e31f50e36e0b","modifiedAccessConditions":{}},"comp":"lease","leaseId":"000000000000000000000000047730FC","version":"2024-08-04","action":"release"}
2025-12-15T17:18:12.500Z 6c4cf389-0e4f-42ca-9301-18968aec4c7e verbose: SerializerMiddleware: Start serializing...
2025-12-15T17:18:12.500Z 6c4cf389-0e4f-42ca-9301-18968aec4c7e verbose: Send Blob telemetry: B_Blob_ReleaseLease
2025-12-15T17:18:12.500Z 6c4cf389-0e4f-42ca-9301-18968aec4c7e info: EndMiddleware: End response. TotalTimeInMS=2 StatusCode=200 StatusMessage=undefined Headers={"server":"Azurite-Blob/3.35.0","etag":"\"0x25716DDD2A8B240\"","last-modified":"Mon, 15 Dec 2025 17:16:58 GMT","x-ms-client-request-id":"46a78278-0232-4996-8dd0-e31f50e36e0b","x-ms-request-id":"6c4cf389-0e4f-42ca-9301-18968aec4c7e","x-ms-version":"2025-11-05","date":"Mon, 15 Dec 2025 17:18:12 GMT"}
2025-12-15T17:18:19.274Z 5ccaa61c-3f5e-43a3-b8ea-943b6930ffd7 info: BlobStorageContextMiddleware: RequestMethod=HEAD RequestURL=http://127.0.0.1/devstoreaccount1/azure-webjobs-hosts/locks/desktop1cadh3d-1595876456/host RequestHeaders:{"host":"127.0.0.1:10000","x-ms-version":"2024-08-04","accept":"application/xml","x-ms-client-request-id":"6358467e-70fb-4635-be0b-420de8082ad6","x-ms-return-client-request-id":"true","user-agent":"azsdk-net-Storage.Blobs/12.21.2 (.NET 8.0.21; Microsoft Windows 10.0.26200)","x-ms-date":"Mon, 15 Dec 2025 17:18:19 GMT","authorization":"SharedKey devstoreaccount1:fEUhbuaN36wmUKv8blvwLJ76A8n5s0aj0ngA3Uo3Fqg="} ClientIP=127.0.0.1 Protocol=http HTTPVersion=1.1
2025-12-15T17:18:19.275Z 5ccaa61c-3f5e-43a3-b8ea-943b6930ffd7 info: BlobStorageContextMiddleware: Account=devstoreaccount1 Container=azure-webjobs-hosts Blob=locks/desktop1cadh3d-1595876456/host
2025-12-15T17:18:19.275Z 5ccaa61c-3f5e-43a3-b8ea-943b6930ffd7 verbose: DispatchMiddleware: Dispatching request...
2025-12-15T17:18:19.275Z 5ccaa61c-3f5e-43a3-b8ea-943b6930ffd7 info: DispatchMiddleware: Operation=Blob_GetProperties
2025-12-15T17:18:19.276Z 5ccaa61c-3f5e-43a3-b8ea-943b6930ffd7 verbose: AuthenticationMiddlewareFactory:createAuthenticationMiddleware() Validating authentications.
2025-12-15T17:18:19.276Z 5ccaa61c-3f5e-43a3-b8ea-943b6930ffd7 info: PublicAccessAuthenticator:validate() Start validation against public access.
2025-12-15T17:18:19.276Z 5ccaa61c-3f5e-43a3-b8ea-943b6930ffd7 debug: PublicAccessAuthenticator:validate() Getting account properties...
2025-12-15T17:18:19.276Z 5ccaa61c-3f5e-43a3-b8ea-943b6930ffd7 debug: PublicAccessAuthenticator:validate() Retrieved account name from context: devstoreaccount1, container: azure-webjobs-hosts, blob: locks/desktop1cadh3d-1595876456/host
2025-12-15T17:18:19.276Z 5ccaa61c-3f5e-43a3-b8ea-943b6930ffd7 debug: PublicAccessAuthenticator:validate() Skip public access authentication. Cannot get public access type for container azure-webjobs-hosts
2025-12-15T17:18:19.276Z 5ccaa61c-3f5e-43a3-b8ea-943b6930ffd7 info: BlobSharedKeyAuthenticator:validate() Start validation against account shared key authentication.
2025-12-15T17:18:19.277Z 5ccaa61c-3f5e-43a3-b8ea-943b6930ffd7 info: BlobSharedKeyAuthenticator:validate() [STRING TO SIGN]:"HEAD\n\n\n\n\n\n\n\n\n\n\n\nx-ms-client-request-id:6358467e-70fb-4635-be0b-420de8082ad6\nx-ms-date:Mon, 15 Dec 2025 17:18:19 GMT\nx-ms-return-client-request-id:true\nx-ms-version:2024-08-04\n/devstoreaccount1/devstoreaccount1/azure-webjobs-hosts/locks/desktop1cadh3d-1595876456/host"
2025-12-15T17:18:19.277Z 5ccaa61c-3f5e-43a3-b8ea-943b6930ffd7 info: BlobSharedKeyAuthenticator:validate() Calculated authentication header based on key1: SharedKey devstoreaccount1:fEUhbuaN36wmUKv8blvwLJ76A8n5s0aj0ngA3Uo3Fqg=
2025-12-15T17:18:19.277Z 5ccaa61c-3f5e-43a3-b8ea-943b6930ffd7 info: BlobSharedKeyAuthenticator:validate() Signature 1 matched.
2025-12-15T17:18:19.277Z 5ccaa61c-3f5e-43a3-b8ea-943b6930ffd7 verbose: DeserializerMiddleware: Start deserializing...
2025-12-15T17:18:19.277Z 5ccaa61c-3f5e-43a3-b8ea-943b6930ffd7 info: HandlerMiddleware: DeserializedParameters={"options":{"requestId":"6358467e-70fb-4635-be0b-420de8082ad6","leaseAccessConditions":{},"cpkInfo":{},"modifiedAccessConditions":{}},"version":"2024-08-04"}
2025-12-15T17:18:19.278Z 5ccaa61c-3f5e-43a3-b8ea-943b6930ffd7 verbose: SerializerMiddleware: Start serializing...
2025-12-15T17:18:19.283Z 5ccaa61c-3f5e-43a3-b8ea-943b6930ffd7 verbose: Send Blob telemetry: B_Blob_GetProperties
2025-12-15T17:18:19.284Z 5ccaa61c-3f5e-43a3-b8ea-943b6930ffd7 info: EndMiddleware: End response. TotalTimeInMS=9 StatusCode=200 StatusMessage=undefined Headers={"server":"Azurite-Blob/3.35.0","last-modified":"Mon, 15 Dec 2025 17:16:58 GMT","x-ms-creation-time":"Mon, 15 Dec 2025 17:16:58 GMT","x-ms-meta-functioninstance":"000000000000000000000000047730FC","x-ms-blob-type":"BlockBlob","x-ms-lease-state":"available","x-ms-lease-status":"unlocked","content-length":"0","content-type":"application/octet-stream","etag":"\"0x25716DDD2A8B240\"","content-md5":"1B2M2Y8AsgTpgAmY7PhCfg==","x-ms-client-request-id":"6358467e-70fb-4635-be0b-420de8082ad6","x-ms-request-id":"5ccaa61c-3f5e-43a3-b8ea-943b6930ffd7","x-ms-version":"2025-11-05","date":"Mon, 15 Dec 2025 17:18:19 GMT","accept-ranges":"bytes","x-ms-server-encrypted":"true","x-ms-access-tier":"Hot","x-ms-access-tier-inferred":"true","x-ms-access-tier-change-time":"Mon, 15 Dec 2025 17:16:58 GMT"}
2025-12-15T17:18:19.289Z a2323738-1a14-42de-8c8f-6191e4ff5509 info: BlobStorageContextMiddleware: RequestMethod=PUT RequestURL=http://127.0.0.1/devstoreaccount1/azure-webjobs-hosts/locks/desktop1cadh3d-1595876456/host?comp=lease RequestHeaders:{"host":"127.0.0.1:10000","x-ms-lease-action":"acquire","x-ms-version":"2024-08-04","accept":"application/xml","x-ms-lease-duration":"15","x-ms-proposed-lease-id":"000000000000000000000000047730FC","x-ms-client-request-id":"8c20561a-19f7-4c04-9aeb-aea4c75462f3","x-ms-return-client-request-id":"true","user-agent":"azsdk-net-Storage.Blobs/12.21.2 (.NET 8.0.21; Microsoft Windows 10.0.26200)","x-ms-date":"Mon, 15 Dec 2025 17:18:19 GMT","authorization":"SharedKey devstoreaccount1:xg/YMUCLbE2eAzd7rDudy5S9hH2VyipSHlS2LYn20K0=","content-length":"0"} ClientIP=127.0.0.1 Protocol=http HTTPVersion=1.1
2025-12-15T17:18:19.290Z a2323738-1a14-42de-8c8f-6191e4ff5509 info: BlobStorageContextMiddleware: Account=devstoreaccount1 Container=azure-webjobs-hosts Blob=locks/desktop1cadh3d-1595876456/host
2025-12-15T17:18:19.291Z a2323738-1a14-42de-8c8f-6191e4ff5509 verbose: DispatchMiddleware: Dispatching request...
2025-12-15T17:18:19.296Z a2323738-1a14-42de-8c8f-6191e4ff5509 info: DispatchMiddleware: Operation=Blob_AcquireLease
2025-12-15T17:18:19.298Z a2323738-1a14-42de-8c8f-6191e4ff5509 verbose: AuthenticationMiddlewareFactory:createAuthenticationMiddleware() Validating authentications.
2025-12-15T17:18:19.298Z a2323738-1a14-42de-8c8f-6191e4ff5509 info: PublicAccessAuthenticator:validate() Start validation against public access.
2025-12-15T17:18:19.298Z a2323738-1a14-42de-8c8f-6191e4ff5509 debug: PublicAccessAuthenticator:validate() Getting account properties...
2025-12-15T17:18:19.298Z a2323738-1a14-42de-8c8f-6191e4ff5509 debug: PublicAccessAuthenticator:validate() Retrieved account name from context: devstoreaccount1, container: azure-webjobs-hosts, blob: locks/desktop1cadh3d-1595876456/host
2025-12-15T17:18:19.298Z a2323738-1a14-42de-8c8f-6191e4ff5509 debug: PublicAccessAuthenticator:validate() Skip public access authentication. Cannot get public access type for container azure-webjobs-hosts
2025-12-15T17:18:19.299Z a2323738-1a14-42de-8c8f-6191e4ff5509 info: BlobSharedKeyAuthenticator:validate() Start validation against account shared key authentication.
2025-12-15T17:18:19.306Z a2323738-1a14-42de-8c8f-6191e4ff5509 info: BlobSharedKeyAuthenticator:validate() [STRING TO SIGN]:"PUT\n\n\n\n\n\n\n\n\n\n\n\nx-ms-client-request-id:8c20561a-19f7-4c04-9aeb-aea4c75462f3\nx-ms-date:Mon, 15 Dec 2025 17:18:19 GMT\nx-ms-lease-action:acquire\nx-ms-lease-duration:15\nx-ms-proposed-lease-id:000000000000000000000000047730FC\nx-ms-return-client-request-id:true\nx-ms-version:2024-08-04\n/devstoreaccount1/devstoreaccount1/azure-webjobs-hosts/locks/desktop1cadh3d-1595876456/host\ncomp:lease"
2025-12-15T17:18:19.306Z a2323738-1a14-42de-8c8f-6191e4ff5509 info: BlobSharedKeyAuthenticator:validate() Calculated authentication header based on key1: SharedKey devstoreaccount1:xg/YMUCLbE2eAzd7rDudy5S9hH2VyipSHlS2LYn20K0=
2025-12-15T17:18:19.306Z a2323738-1a14-42de-8c8f-6191e4ff5509 info: BlobSharedKeyAuthenticator:validate() Signature 1 matched.
2025-12-15T17:18:19.307Z a2323738-1a14-42de-8c8f-6191e4ff5509 verbose: DeserializerMiddleware: Start deserializing...
2025-12-15T17:18:19.307Z a2323738-1a14-42de-8c8f-6191e4ff5509 info: HandlerMiddleware: DeserializedParameters={"options":{"duration":15,"proposedLeaseId":"000000000000000000000000047730FC","requestId":"8c20561a-19f7-4c04-9aeb-aea4c75462f3","modifiedAccessConditions":{}},"comp":"lease","version":"2024-08-04","action":"acquire"}
2025-12-15T17:18:19.308Z a2323738-1a14-42de-8c8f-6191e4ff5509 verbose: SerializerMiddleware: Start serializing...
2025-12-15T17:18:19.308Z a2323738-1a14-42de-8c8f-6191e4ff5509 verbose: Send Blob telemetry: B_Blob_AcquireLease
2025-12-15T17:18:19.308Z a2323738-1a14-42de-8c8f-6191e4ff5509 info: EndMiddleware: End response. TotalTimeInMS=19 StatusCode=201 StatusMessage=undefined Headers={"server":"Azurite-Blob/3.35.0","etag":"\"0x25716DDD2A8B240\"","last-modified":"Mon, 15 Dec 2025 17:16:58 GMT","x-ms-lease-id":"000000000000000000000000047730FC","x-ms-client-request-id":"8c20561a-19f7-4c04-9aeb-aea4c75462f3","x-ms-request-id":"a2323738-1a14-42de-8c8f-6191e4ff5509","x-ms-version":"2025-11-05","date":"Mon, 15 Dec 2025 17:18:19 GMT"}
2025-12-15T17:18:19.311Z fa980541-b857-4b06-bdd3-cab174dc4d44 info: BlobStorageContextMiddleware: RequestMethod=HEAD RequestURL=http://127.0.0.1/devstoreaccount1/azure-webjobs-hosts/locks/desktop1cadh3d-1595876456/host RequestHeaders:{"host":"127.0.0.1:10000","x-ms-version":"2024-08-04","accept":"application/xml","x-ms-client-request-id":"e086531f-5a36-4118-9cfe-10d30b28744c","x-ms-return-client-request-id":"true","user-agent":"azsdk-net-Storage.Blobs/12.21.2 (.NET 8.0.21; Microsoft Windows 10.0.26200)","x-ms-date":"Mon, 15 Dec 2025 17:18:19 GMT","authorization":"SharedKey devstoreaccount1:lW48+rErhALKCkzXPzgFb+CxaoQfWMUBcdEZzJcadTU="} ClientIP=127.0.0.1 Protocol=http HTTPVersion=1.1
2025-12-15T17:18:19.311Z fa980541-b857-4b06-bdd3-cab174dc4d44 info: BlobStorageContextMiddleware: Account=devstoreaccount1 Container=azure-webjobs-hosts Blob=locks/desktop1cadh3d-1595876456/host
2025-12-15T17:18:19.311Z fa980541-b857-4b06-bdd3-cab174dc4d44 verbose: DispatchMiddleware: Dispatching request...
2025-12-15T17:18:19.312Z fa980541-b857-4b06-bdd3-cab174dc4d44 info: DispatchMiddleware: Operation=Blob_GetProperties
2025-12-15T17:18:19.312Z fa980541-b857-4b06-bdd3-cab174dc4d44 verbose: AuthenticationMiddlewareFactory:createAuthenticationMiddleware() Validating authentications.
2025-12-15T17:18:19.312Z fa980541-b857-4b06-bdd3-cab174dc4d44 info: PublicAccessAuthenticator:validate() Start validation against public access.
2025-12-15T17:18:19.312Z fa980541-b857-4b06-bdd3-cab174dc4d44 debug: PublicAccessAuthenticator:validate() Getting account properties...
2025-12-15T17:18:19.312Z fa980541-b857-4b06-bdd3-cab174dc4d44 debug: PublicAccessAuthenticator:validate() Retrieved account name from context: devstoreaccount1, container: azure-webjobs-hosts, blob: locks/desktop1cadh3d-1595876456/host
2025-12-15T17:18:19.312Z fa980541-b857-4b06-bdd3-cab174dc4d44 debug: PublicAccessAuthenticator:validate() Skip public access authentication. Cannot get public access type for container azure-webjobs-hosts
2025-12-15T17:18:19.312Z fa980541-b857-4b06-bdd3-cab174dc4d44 info: BlobSharedKeyAuthenticator:validate() Start validation against account shared key authentication.
2025-12-15T17:18:19.313Z fa980541-b857-4b06-bdd3-cab174dc4d44 info: BlobSharedKeyAuthenticator:validate() [STRING TO SIGN]:"HEAD\n\n\n\n\n\n\n\n\n\n\n\nx-ms-client-request-id:e086531f-5a36-4118-9cfe-10d30b28744c\nx-ms-date:Mon, 15 Dec 2025 17:18:19 GMT\nx-ms-return-client-request-id:true\nx-ms-version:2024-08-04\n/devstoreaccount1/devstoreaccount1/azure-webjobs-hosts/locks/desktop1cadh3d-1595876456/host"
2025-12-15T17:18:19.313Z fa980541-b857-4b06-bdd3-cab174dc4d44 info: BlobSharedKeyAuthenticator:validate() Calculated authentication header based on key1: SharedKey devstoreaccount1:lW48+rErhALKCkzXPzgFb+CxaoQfWMUBcdEZzJcadTU=
2025-12-15T17:18:19.313Z fa980541-b857-4b06-bdd3-cab174dc4d44 info: BlobSharedKeyAuthenticator:validate() Signature 1 matched.
2025-12-15T17:18:19.313Z fa980541-b857-4b06-bdd3-cab174dc4d44 verbose: DeserializerMiddleware: Start deserializing...
2025-12-15T17:18:19.314Z fa980541-b857-4b06-bdd3-cab174dc4d44 info: HandlerMiddleware: DeserializedParameters={"options":{"requestId":"e086531f-5a36-4118-9cfe-10d30b28744c","leaseAccessConditions":{},"cpkInfo":{},"modifiedAccessConditions":{}},"version":"2024-08-04"}
2025-12-15T17:18:19.314Z fa980541-b857-4b06-bdd3-cab174dc4d44 verbose: SerializerMiddleware: Start serializing...
2025-12-15T17:18:19.314Z fa980541-b857-4b06-bdd3-cab174dc4d44 verbose: Send Blob telemetry: B_Blob_GetProperties
2025-12-15T17:18:19.315Z fa980541-b857-4b06-bdd3-cab174dc4d44 info: EndMiddleware: End response. TotalTimeInMS=3 StatusCode=200 StatusMessage=undefined Headers={"server":"Azurite-Blob/3.35.0","last-modified":"Mon, 15 Dec 2025 17:16:58 GMT","x-ms-creation-time":"Mon, 15 Dec 2025 17:16:58 GMT","x-ms-meta-functioninstance":"000000000000000000000000047730FC","x-ms-blob-type":"BlockBlob","x-ms-lease-duration":"fixed","x-ms-lease-state":"leased","x-ms-lease-status":"locked","content-length":"0","content-type":"application/octet-stream","etag":"\"0x25716DDD2A8B240\"","content-md5":"1B2M2Y8AsgTpgAmY7PhCfg==","x-ms-client-request-id":"e086531f-5a36-4118-9cfe-10d30b28744c","x-ms-request-id":"fa980541-b857-4b06-bdd3-cab174dc4d44","x-ms-version":"2025-11-05","date":"Mon, 15 Dec 2025 17:18:19 GMT","accept-ranges":"bytes","x-ms-server-encrypted":"true","x-ms-access-tier":"Hot","x-ms-access-tier-inferred":"true","x-ms-access-tier-change-time":"Mon, 15 Dec 2025 17:16:58 GMT"}
2025-12-15T17:18:19.318Z 50c03337-6408-43df-a948-3dac85184f39 info: BlobStorageContextMiddleware: RequestMethod=PUT RequestURL=http://127.0.0.1/devstoreaccount1/azure-webjobs-hosts/locks/desktop1cadh3d-1595876456/host?comp=metadata RequestHeaders:{"host":"127.0.0.1:10000","x-ms-meta-functioninstance":"000000000000000000000000047730FC","x-ms-lease-id":"000000000000000000000000047730FC","x-ms-version":"2024-08-04","accept":"application/xml","x-ms-client-request-id":"288cfe9c-1b39-434f-b1be-8bbd6adfecdc","x-ms-return-client-request-id":"true","user-agent":"azsdk-net-Storage.Blobs/12.21.2 (.NET 8.0.21; Microsoft Windows 10.0.26200)","x-ms-date":"Mon, 15 Dec 2025 17:18:19 GMT","authorization":"SharedKey devstoreaccount1:1V4Ed2g0BfumY72BkvBpN8Z/rhCGK7BllxLtwAvF/tk=","content-length":"0"} ClientIP=127.0.0.1 Protocol=http HTTPVersion=1.1
2025-12-15T17:18:19.318Z 50c03337-6408-43df-a948-3dac85184f39 info: BlobStorageContextMiddleware: Account=devstoreaccount1 Container=azure-webjobs-hosts Blob=locks/desktop1cadh3d-1595876456/host
2025-12-15T17:18:19.318Z 50c03337-6408-43df-a948-3dac85184f39 verbose: DispatchMiddleware: Dispatching request...
2025-12-15T17:18:19.320Z 50c03337-6408-43df-a948-3dac85184f39 info: DispatchMiddleware: Operation=Blob_SetMetadata
2025-12-15T17:18:19.320Z 50c03337-6408-43df-a948-3dac85184f39 verbose: AuthenticationMiddlewareFactory:createAuthenticationMiddleware() Validating authentications.
2025-12-15T17:18:19.320Z 50c03337-6408-43df-a948-3dac85184f39 info: PublicAccessAuthenticator:validate() Start validation against public access.
2025-12-15T17:18:19.320Z 50c03337-6408-43df-a948-3dac85184f39 debug: PublicAccessAuthenticator:validate() Getting account properties...
2025-12-15T17:18:19.321Z 50c03337-6408-43df-a948-3dac85184f39 debug: PublicAccessAuthenticator:validate() Retrieved account name from context: devstoreaccount1, container: azure-webjobs-hosts, blob: locks/desktop1cadh3d-1595876456/host
2025-12-15T17:18:19.321Z 50c03337-6408-43df-a948-3dac85184f39 debug: PublicAccessAuthenticator:validate() Skip public access authentication. Cannot get public access type for container azure-webjobs-hosts
2025-12-15T17:18:19.321Z 50c03337-6408-43df-a948-3dac85184f39 info: BlobSharedKeyAuthenticator:validate() Start validation against account shared key authentication.
2025-12-15T17:18:19.321Z 50c03337-6408-43df-a948-3dac85184f39 info: BlobSharedKeyAuthenticator:validate() [STRING TO SIGN]:"PUT\n\n\n\n\n\n\n\n\n\n\n\nx-ms-client-request-id:288cfe9c-1b39-434f-b1be-8bbd6adfecdc\nx-ms-date:Mon, 15 Dec 2025 17:18:19 GMT\nx-ms-lease-id:000000000000000000000000047730FC\nx-ms-meta-functioninstance:000000000000000000000000047730FC\nx-ms-return-client-request-id:true\nx-ms-version:2024-08-04\n/devstoreaccount1/devstoreaccount1/azure-webjobs-hosts/locks/desktop1cadh3d-1595876456/host\ncomp:metadata"
2025-12-15T17:18:19.322Z 50c03337-6408-43df-a948-3dac85184f39 info: BlobSharedKeyAuthenticator:validate() Calculated authentication header based on key1: SharedKey devstoreaccount1:1V4Ed2g0BfumY72BkvBpN8Z/rhCGK7BllxLtwAvF/tk=
2025-12-15T17:18:19.322Z 50c03337-6408-43df-a948-3dac85184f39 info: BlobSharedKeyAuthenticator:validate() Signature 1 matched.
2025-12-15T17:18:19.322Z 50c03337-6408-43df-a948-3dac85184f39 verbose: DeserializerMiddleware: Start deserializing...
2025-12-15T17:18:19.322Z 50c03337-6408-43df-a948-3dac85184f39 info: HandlerMiddleware: DeserializedParameters={"options":{"metadata":{"functioninstance":"000000000000000000000000047730FC"},"requestId":"288cfe9c-1b39-434f-b1be-8bbd6adfecdc","leaseAccessConditions":{"leaseId":"000000000000000000000000047730FC"},"cpkInfo":{},"cpkScopeInfo":{},"modifiedAccessConditions":{}},"comp":"metadata","version":"2024-08-04"}
2025-12-15T17:18:19.323Z 50c03337-6408-43df-a948-3dac85184f39 verbose: SerializerMiddleware: Start serializing...
2025-12-15T17:18:19.324Z 50c03337-6408-43df-a948-3dac85184f39 verbose: Send Blob telemetry: B_Blob_SetMetadata
2025-12-15T17:18:19.324Z 50c03337-6408-43df-a948-3dac85184f39 info: EndMiddleware: End response. TotalTimeInMS=6 StatusCode=200 StatusMessage=undefined Headers={"server":"Azurite-Blob/3.35.0","etag":"\"0x1B762DA287A7150\"","last-modified":"Mon, 15 Dec 2025 17:18:19 GMT","x-ms-client-request-id":"288cfe9c-1b39-434f-b1be-8bbd6adfecdc","x-ms-request-id":"50c03337-6408-43df-a948-3dac85184f39","x-ms-version":"2025-11-05","date":"Mon, 15 Dec 2025 17:18:19 GMT","x-ms-request-server-encrypted":"true"}
2025-12-15T17:18:19.362Z 	 info: AccountDataStore:init() Refresh accounts from environment variable AZURITE_ACCOUNTS with value undefined
2025-12-15T17:18:19.363Z 	 info: AccountDataStore:init() Fallback to default emulator account devstoreaccount1.
2025-12-15T17:18:19.392Z 	 info: AccountDataStore:init() Refresh accounts from environment variable AZURITE_ACCOUNTS with value undefined
2025-12-15T17:18:19.392Z 	 info: AccountDataStore:init() Fallback to default emulator account devstoreaccount1.
2025-12-15T17:18:19.418Z 	 info: QueueGCManager:markSweepLoop() Start new mark and sweep.
2025-12-15T17:18:19.418Z 	 info: QueueGCManger:markSweep() Get all extents.
2025-12-15T17:18:19.418Z 	 info: QueueGCManager:marksweep() Get 0 extents.
2025-12-15T17:18:19.418Z 	 info: QueueGCManager:markSweep() Get referred extents, then remove from allExtents.
2025-12-15T17:18:19.418Z 	 info: QueueGCManager:markSweep() Got referred extents, unreferenced extents count is 0.
2025-12-15T17:18:19.418Z 	 info: QueueGCManager:markSweepLoop() Mark and sweep finished, take 0ms.
2025-12-15T17:18:19.419Z 	 info: QueueGCManager:markSweepLoop() Sleep for 60000
2025-12-15T17:18:19.419Z 	 info: AccountDataStore:init() Refresh accounts from environment variable AZURITE_ACCOUNTS with value undefined
2025-12-15T17:18:19.419Z 	 info: AccountDataStore:init() Fallback to default emulator account devstoreaccount1.
2025-12-15T17:18:31.334Z 779093b4-8b8c-4594-8ba9-77070936b568 info: BlobStorageContextMiddleware: RequestMethod=PUT RequestURL=http://127.0.0.1/devstoreaccount1/azure-webjobs-hosts/locks/desktop1cadh3d-1595876456/host?comp=lease RequestHeaders:{"host":"127.0.0.1:10000","x-ms-lease-action":"renew","x-ms-lease-id":"000000000000000000000000047730FC","x-ms-version":"2024-08-04","accept":"application/xml","x-ms-client-request-id":"95747a38-bed1-4de5-acda-875f92c19ea4","x-ms-return-client-request-id":"true","user-agent":"azsdk-net-Storage.Blobs/12.21.2 (.NET 8.0.21; Microsoft Windows 10.0.26200)","x-ms-date":"Mon, 15 Dec 2025 17:18:31 GMT","authorization":"SharedKey devstoreaccount1:rT2qI1E25L1PMgxDRZjfctG0ahq9c7xfqInfxs4BEkQ=","content-length":"0"} ClientIP=127.0.0.1 Protocol=http HTTPVersion=1.1
2025-12-15T17:18:31.334Z 779093b4-8b8c-4594-8ba9-77070936b568 info: BlobStorageContextMiddleware: Account=devstoreaccount1 Container=azure-webjobs-hosts Blob=locks/desktop1cadh3d-1595876456/host
2025-12-15T17:18:31.334Z 779093b4-8b8c-4594-8ba9-77070936b568 verbose: DispatchMiddleware: Dispatching request...
2025-12-15T17:18:31.336Z 779093b4-8b8c-4594-8ba9-77070936b568 info: DispatchMiddleware: Operation=Blob_RenewLease
2025-12-15T17:18:31.336Z 779093b4-8b8c-4594-8ba9-77070936b568 verbose: AuthenticationMiddlewareFactory:createAuthenticationMiddleware() Validating authentications.
2025-12-15T17:18:31.336Z 779093b4-8b8c-4594-8ba9-77070936b568 info: PublicAccessAuthenticator:validate() Start validation against public access.
2025-12-15T17:18:31.336Z 779093b4-8b8c-4594-8ba9-77070936b568 debug: PublicAccessAuthenticator:validate() Getting account properties...
2025-12-15T17:18:31.336Z 779093b4-8b8c-4594-8ba9-77070936b568 debug: PublicAccessAuthenticator:validate() Retrieved account name from context: devstoreaccount1, container: azure-webjobs-hosts, blob: locks/desktop1cadh3d-1595876456/host
2025-12-15T17:18:31.336Z 779093b4-8b8c-4594-8ba9-77070936b568 debug: PublicAccessAuthenticator:validate() Skip public access authentication. Cannot get public access type for container azure-webjobs-hosts
2025-12-15T17:18:31.337Z 779093b4-8b8c-4594-8ba9-77070936b568 info: BlobSharedKeyAuthenticator:validate() Start validation against account shared key authentication.
2025-12-15T17:18:31.337Z 779093b4-8b8c-4594-8ba9-77070936b568 info: BlobSharedKeyAuthenticator:validate() [STRING TO SIGN]:"PUT\n\n\n\n\n\n\n\n\n\n\n\nx-ms-client-request-id:95747a38-bed1-4de5-acda-875f92c19ea4\nx-ms-date:Mon, 15 Dec 2025 17:18:31 GMT\nx-ms-lease-action:renew\nx-ms-lease-id:000000000000000000000000047730FC\nx-ms-return-client-request-id:true\nx-ms-version:2024-08-04\n/devstoreaccount1/devstoreaccount1/azure-webjobs-hosts/locks/desktop1cadh3d-1595876456/host\ncomp:lease"
2025-12-15T17:18:31.337Z 779093b4-8b8c-4594-8ba9-77070936b568 info: BlobSharedKeyAuthenticator:validate() Calculated authentication header based on key1: SharedKey devstoreaccount1:rT2qI1E25L1PMgxDRZjfctG0ahq9c7xfqInfxs4BEkQ=
2025-12-15T17:18:31.337Z 779093b4-8b8c-4594-8ba9-77070936b568 info: BlobSharedKeyAuthenticator:validate() Signature 1 matched.
2025-12-15T17:18:31.337Z 779093b4-8b8c-4594-8ba9-77070936b568 verbose: DeserializerMiddleware: Start deserializing...
2025-12-15T17:18:31.337Z 779093b4-8b8c-4594-8ba9-77070936b568 info: HandlerMiddleware: DeserializedParameters={"options":{"requestId":"95747a38-bed1-4de5-acda-875f92c19ea4","modifiedAccessConditions":{}},"comp":"lease","leaseId":"000000000000000000000000047730FC","version":"2024-08-04","action":"renew"}
2025-12-15T17:18:31.338Z 779093b4-8b8c-4594-8ba9-77070936b568 verbose: SerializerMiddleware: Start serializing...
2025-12-15T17:18:31.338Z 779093b4-8b8c-4594-8ba9-77070936b568 verbose: Send Blob telemetry: B_Blob_RenewLease
2025-12-15T17:18:31.338Z 779093b4-8b8c-4594-8ba9-77070936b568 info: EndMiddleware: End response. TotalTimeInMS=4 StatusCode=200 StatusMessage=undefined Headers={"server":"Azurite-Blob/3.35.0","etag":"\"0x1B762DA287A7150\"","last-modified":"Mon, 15 Dec 2025 17:18:19 GMT","x-ms-lease-id":"000000000000000000000000047730FC","x-ms-client-request-id":"95747a38-bed1-4de5-acda-875f92c19ea4","x-ms-request-id":"779093b4-8b8c-4594-8ba9-77070936b568","x-ms-version":"2025-11-05","date":"Mon, 15 Dec 2025 17:18:31 GMT"}
2025-12-15T17:18:34.627Z d29628b0-26eb-4a3e-a40b-b5b18da7c829 info: BlobStorageContextMiddleware: RequestMethod=PUT RequestURL=http://127.0.0.1/devstoreaccount1/azure-webjobs-hosts/locks/desktop1cadh3d-1595876456/host?comp=lease RequestHeaders:{"host":"127.0.0.1:10000","x-ms-lease-action":"release","x-ms-lease-id":"000000000000000000000000047730FC","x-ms-version":"2024-08-04","accept":"application/xml","x-ms-client-request-id":"de4ef90a-d944-4956-96df-cedf6f39da07","x-ms-return-client-request-id":"true","user-agent":"azsdk-net-Storage.Blobs/12.21.2 (.NET 8.0.21; Microsoft Windows 10.0.26200)","x-ms-date":"Mon, 15 Dec 2025 17:18:34 GMT","authorization":"SharedKey devstoreaccount1:AyKRsFzygpbpcjL1wEyNxXlRtBUVTe3lwjzpQwMW0ZQ=","content-length":"0"} ClientIP=127.0.0.1 Protocol=http HTTPVersion=1.1
2025-12-15T17:18:34.627Z d29628b0-26eb-4a3e-a40b-b5b18da7c829 info: BlobStorageContextMiddleware: Account=devstoreaccount1 Container=azure-webjobs-hosts Blob=locks/desktop1cadh3d-1595876456/host
2025-12-15T17:18:34.627Z d29628b0-26eb-4a3e-a40b-b5b18da7c829 verbose: DispatchMiddleware: Dispatching request...
2025-12-15T17:18:34.628Z d29628b0-26eb-4a3e-a40b-b5b18da7c829 info: DispatchMiddleware: Operation=Blob_ReleaseLease
2025-12-15T17:18:34.628Z d29628b0-26eb-4a3e-a40b-b5b18da7c829 verbose: AuthenticationMiddlewareFactory:createAuthenticationMiddleware() Validating authentications.
2025-12-15T17:18:34.628Z d29628b0-26eb-4a3e-a40b-b5b18da7c829 info: PublicAccessAuthenticator:validate() Start validation against public access.
2025-12-15T17:18:34.628Z d29628b0-26eb-4a3e-a40b-b5b18da7c829 debug: PublicAccessAuthenticator:validate() Getting account properties...
2025-12-15T17:18:34.628Z d29628b0-26eb-4a3e-a40b-b5b18da7c829 debug: PublicAccessAuthenticator:validate() Retrieved account name from context: devstoreaccount1, container: azure-webjobs-hosts, blob: locks/desktop1cadh3d-1595876456/host
2025-12-15T17:18:34.628Z d29628b0-26eb-4a3e-a40b-b5b18da7c829 debug: PublicAccessAuthenticator:validate() Skip public access authentication. Cannot get public access type for container azure-webjobs-hosts
2025-12-15T17:18:34.628Z d29628b0-26eb-4a3e-a40b-b5b18da7c829 info: BlobSharedKeyAuthenticator:validate() Start validation against account shared key authentication.
2025-12-15T17:18:34.628Z d29628b0-26eb-4a3e-a40b-b5b18da7c829 info: BlobSharedKeyAuthenticator:validate() [STRING TO SIGN]:"PUT\n\n\n\n\n\n\n\n\n\n\n\nx-ms-client-request-id:de4ef90a-d944-4956-96df-cedf6f39da07\nx-ms-date:Mon, 15 Dec 2025 17:18:34 GMT\nx-ms-lease-action:release\nx-ms-lease-id:000000000000000000000000047730FC\nx-ms-return-client-request-id:true\nx-ms-version:2024-08-04\n/devstoreaccount1/devstoreaccount1/azure-webjobs-hosts/locks/desktop1cadh3d-1595876456/host\ncomp:lease"
2025-12-15T17:18:34.628Z d29628b0-26eb-4a3e-a40b-b5b18da7c829 info: BlobSharedKeyAuthenticator:validate() Calculated authentication header based on key1: SharedKey devstoreaccount1:AyKRsFzygpbpcjL1wEyNxXlRtBUVTe3lwjzpQwMW0ZQ=
2025-12-15T17:18:34.629Z d29628b0-26eb-4a3e-a40b-b5b18da7c829 info: BlobSharedKeyAuthenticator:validate() Signature 1 matched.
2025-12-15T17:18:34.629Z d29628b0-26eb-4a3e-a40b-b5b18da7c829 verbose: DeserializerMiddleware: Start deserializing...
2025-12-15T17:18:34.629Z d29628b0-26eb-4a3e-a40b-b5b18da7c829 info: HandlerMiddleware: DeserializedParameters={"options":{"requestId":"de4ef90a-d944-4956-96df-cedf6f39da07","modifiedAccessConditions":{}},"comp":"lease","leaseId":"000000000000000000000000047730FC","version":"2024-08-04","action":"release"}
2025-12-15T17:18:34.629Z d29628b0-26eb-4a3e-a40b-b5b18da7c829 verbose: SerializerMiddleware: Start serializing...
2025-12-15T17:18:34.629Z d29628b0-26eb-4a3e-a40b-b5b18da7c829 verbose: Send Blob telemetry: B_Blob_ReleaseLease
2025-12-15T17:18:34.630Z d29628b0-26eb-4a3e-a40b-b5b18da7c829 info: EndMiddleware: End response. TotalTimeInMS=3 StatusCode=200 StatusMessage=undefined Headers={"server":"Azurite-Blob/3.35.0","etag":"\"0x1B762DA287A7150\"","last-modified":"Mon, 15 Dec 2025 17:18:19 GMT","x-ms-client-request-id":"de4ef90a-d944-4956-96df-cedf6f39da07","x-ms-request-id":"d29628b0-26eb-4a3e-a40b-b5b18da7c829","x-ms-version":"2025-11-05","date":"Mon, 15 Dec 2025 17:18:34 GMT"}
2025-12-15T17:18:41.945Z 22b7dd7c-1d29-4428-9c25-748fee2fc0d8 info: BlobStorageContextMiddleware: RequestMethod=HEAD RequestURL=http://127.0.0.1/devstoreaccount1/azure-webjobs-hosts/locks/desktop1cadh3d-1595876456/host RequestHeaders:{"host":"127.0.0.1:10000","x-ms-version":"2024-08-04","accept":"application/xml","x-ms-client-request-id":"76366bdf-406b-4908-90fe-3ee4489fc787","x-ms-return-client-request-id":"true","user-agent":"azsdk-net-Storage.Blobs/12.21.2 (.NET 8.0.21; Microsoft Windows 10.0.26200)","x-ms-date":"Mon, 15 Dec 2025 17:18:41 GMT","authorization":"SharedKey devstoreaccount1:olPpbOnA/XXtS0vhTz/75mZWgaX/NcrdY+fnt4f3RAM="} ClientIP=127.0.0.1 Protocol=http HTTPVersion=1.1
2025-12-15T17:18:41.945Z 22b7dd7c-1d29-4428-9c25-748fee2fc0d8 info: BlobStorageContextMiddleware: Account=devstoreaccount1 Container=azure-webjobs-hosts Blob=locks/desktop1cadh3d-1595876456/host
2025-12-15T17:18:41.945Z 22b7dd7c-1d29-4428-9c25-748fee2fc0d8 verbose: DispatchMiddleware: Dispatching request...
2025-12-15T17:18:41.945Z 22b7dd7c-1d29-4428-9c25-748fee2fc0d8 info: DispatchMiddleware: Operation=Blob_GetProperties
2025-12-15T17:18:41.945Z 22b7dd7c-1d29-4428-9c25-748fee2fc0d8 verbose: AuthenticationMiddlewareFactory:createAuthenticationMiddleware() Validating authentications.
2025-12-15T17:18:41.945Z 22b7dd7c-1d29-4428-9c25-748fee2fc0d8 info: PublicAccessAuthenticator:validate() Start validation against public access.
2025-12-15T17:18:41.945Z 22b7dd7c-1d29-4428-9c25-748fee2fc0d8 debug: PublicAccessAuthenticator:validate() Getting account properties...
2025-12-15T17:18:41.945Z 22b7dd7c-1d29-4428-9c25-748fee2fc0d8 debug: PublicAccessAuthenticator:validate() Retrieved account name from context: devstoreaccount1, container: azure-webjobs-hosts, blob: locks/desktop1cadh3d-1595876456/host
2025-12-15T17:18:41.945Z 22b7dd7c-1d29-4428-9c25-748fee2fc0d8 debug: PublicAccessAuthenticator:validate() Skip public access authentication. Cannot get public access type for container azure-webjobs-hosts
2025-12-15T17:18:41.945Z 22b7dd7c-1d29-4428-9c25-748fee2fc0d8 info: BlobSharedKeyAuthenticator:validate() Start validation against account shared key authentication.
2025-12-15T17:18:41.946Z 22b7dd7c-1d29-4428-9c25-748fee2fc0d8 info: BlobSharedKeyAuthenticator:validate() [STRING TO SIGN]:"HEAD\n\n\n\n\n\n\n\n\n\n\n\nx-ms-client-request-id:76366bdf-406b-4908-90fe-3ee4489fc787\nx-ms-date:Mon, 15 Dec 2025 17:18:41 GMT\nx-ms-return-client-request-id:true\nx-ms-version:2024-08-04\n/devstoreaccount1/devstoreaccount1/azure-webjobs-hosts/locks/desktop1cadh3d-1595876456/host"
2025-12-15T17:18:41.946Z 22b7dd7c-1d29-4428-9c25-748fee2fc0d8 info: BlobSharedKeyAuthenticator:validate() Calculated authentication header based on key1: SharedKey devstoreaccount1:olPpbOnA/XXtS0vhTz/75mZWgaX/NcrdY+fnt4f3RAM=
2025-12-15T17:18:41.946Z 22b7dd7c-1d29-4428-9c25-748fee2fc0d8 info: BlobSharedKeyAuthenticator:validate() Signature 1 matched.
2025-12-15T17:18:41.946Z 22b7dd7c-1d29-4428-9c25-748fee2fc0d8 verbose: DeserializerMiddleware: Start deserializing...
2025-12-15T17:18:41.946Z 22b7dd7c-1d29-4428-9c25-748fee2fc0d8 info: HandlerMiddleware: DeserializedParameters={"options":{"requestId":"76366bdf-406b-4908-90fe-3ee4489fc787","leaseAccessConditions":{},"cpkInfo":{},"modifiedAccessConditions":{}},"version":"2024-08-04"}
2025-12-15T17:18:41.946Z 22b7dd7c-1d29-4428-9c25-748fee2fc0d8 verbose: SerializerMiddleware: Start serializing...
2025-12-15T17:18:41.947Z 22b7dd7c-1d29-4428-9c25-748fee2fc0d8 verbose: Send Blob telemetry: B_Blob_GetProperties
2025-12-15T17:18:41.947Z 22b7dd7c-1d29-4428-9c25-748fee2fc0d8 info: EndMiddleware: End response. TotalTimeInMS=2 StatusCode=200 StatusMessage=undefined Headers={"server":"Azurite-Blob/3.35.0","last-modified":"Mon, 15 Dec 2025 17:18:19 GMT","x-ms-creation-time":"Mon, 15 Dec 2025 17:16:58 GMT","x-ms-meta-functioninstance":"000000000000000000000000047730FC","x-ms-blob-type":"BlockBlob","x-ms-lease-state":"available","x-ms-lease-status":"unlocked","content-length":"0","content-type":"application/octet-stream","etag":"\"0x1B762DA287A7150\"","content-md5":"1B2M2Y8AsgTpgAmY7PhCfg==","x-ms-client-request-id":"76366bdf-406b-4908-90fe-3ee4489fc787","x-ms-request-id":"22b7dd7c-1d29-4428-9c25-748fee2fc0d8","x-ms-version":"2025-11-05","date":"Mon, 15 Dec 2025 17:18:41 GMT","accept-ranges":"bytes","x-ms-server-encrypted":"true","x-ms-access-tier":"Hot","x-ms-access-tier-inferred":"true","x-ms-access-tier-change-time":"Mon, 15 Dec 2025 17:16:58 GMT"}
2025-12-15T17:18:41.950Z b9890d55-dc4f-4530-8817-84166a0b2f3c info: BlobStorageContextMiddleware: RequestMethod=PUT RequestURL=http://127.0.0.1/devstoreaccount1/azure-webjobs-hosts/locks/desktop1cadh3d-1595876456/host?comp=lease RequestHeaders:{"host":"127.0.0.1:10000","x-ms-lease-action":"acquire","x-ms-version":"2024-08-04","accept":"application/xml","x-ms-lease-duration":"15","x-ms-proposed-lease-id":"000000000000000000000000047730FC","x-ms-client-request-id":"b3506dee-dff0-4d6c-8ac0-ff0db93ab762","x-ms-return-client-request-id":"true","user-agent":"azsdk-net-Storage.Blobs/12.21.2 (.NET 8.0.21; Microsoft Windows 10.0.26200)","x-ms-date":"Mon, 15 Dec 2025 17:18:41 GMT","authorization":"SharedKey devstoreaccount1:FuaKmpAkEU4M68qRgjBhSdY3YiRFoR8/h8WPdPZkXB4=","content-length":"0"} ClientIP=127.0.0.1 Protocol=http HTTPVersion=1.1
2025-12-15T17:18:41.950Z b9890d55-dc4f-4530-8817-84166a0b2f3c info: BlobStorageContextMiddleware: Account=devstoreaccount1 Container=azure-webjobs-hosts Blob=locks/desktop1cadh3d-1595876456/host
2025-12-15T17:18:41.950Z b9890d55-dc4f-4530-8817-84166a0b2f3c verbose: DispatchMiddleware: Dispatching request...
2025-12-15T17:18:41.951Z b9890d55-dc4f-4530-8817-84166a0b2f3c info: DispatchMiddleware: Operation=Blob_AcquireLease
2025-12-15T17:18:41.951Z b9890d55-dc4f-4530-8817-84166a0b2f3c verbose: AuthenticationMiddlewareFactory:createAuthenticationMiddleware() Validating authentications.
2025-12-15T17:18:41.951Z b9890d55-dc4f-4530-8817-84166a0b2f3c info: PublicAccessAuthenticator:validate() Start validation against public access.
2025-12-15T17:18:41.951Z b9890d55-dc4f-4530-8817-84166a0b2f3c debug: PublicAccessAuthenticator:validate() Getting account properties...
2025-12-15T17:18:41.951Z b9890d55-dc4f-4530-8817-84166a0b2f3c debug: PublicAccessAuthenticator:validate() Retrieved account name from context: devstoreaccount1, container: azure-webjobs-hosts, blob: locks/desktop1cadh3d-1595876456/host
2025-12-15T17:18:41.951Z b9890d55-dc4f-4530-8817-84166a0b2f3c debug: PublicAccessAuthenticator:validate() Skip public access authentication. Cannot get public access type for container azure-webjobs-hosts
2025-12-15T17:18:41.951Z b9890d55-dc4f-4530-8817-84166a0b2f3c info: BlobSharedKeyAuthenticator:validate() Start validation against account shared key authentication.
2025-12-15T17:18:41.951Z b9890d55-dc4f-4530-8817-84166a0b2f3c info: BlobSharedKeyAuthenticator:validate() [STRING TO SIGN]:"PUT\n\n\n\n\n\n\n\n\n\n\n\nx-ms-client-request-id:b3506dee-dff0-4d6c-8ac0-ff0db93ab762\nx-ms-date:Mon, 15 Dec 2025 17:18:41 GMT\nx-ms-lease-action:acquire\nx-ms-lease-duration:15\nx-ms-proposed-lease-id:000000000000000000000000047730FC\nx-ms-return-client-request-id:true\nx-ms-version:2024-08-04\n/devstoreaccount1/devstoreaccount1/azure-webjobs-hosts/locks/desktop1cadh3d-1595876456/host\ncomp:lease"
2025-12-15T17:18:41.951Z b9890d55-dc4f-4530-8817-84166a0b2f3c info: BlobSharedKeyAuthenticator:validate() Calculated authentication header based on key1: SharedKey devstoreaccount1:FuaKmpAkEU4M68qRgjBhSdY3YiRFoR8/h8WPdPZkXB4=
2025-12-15T17:18:41.951Z b9890d55-dc4f-4530-8817-84166a0b2f3c info: BlobSharedKeyAuthenticator:validate() Signature 1 matched.
2025-12-15T17:18:41.951Z b9890d55-dc4f-4530-8817-84166a0b2f3c verbose: DeserializerMiddleware: Start deserializing...
2025-12-15T17:18:41.951Z b9890d55-dc4f-4530-8817-84166a0b2f3c info: HandlerMiddleware: DeserializedParameters={"options":{"duration":15,"proposedLeaseId":"000000000000000000000000047730FC","requestId":"b3506dee-dff0-4d6c-8ac0-ff0db93ab762","modifiedAccessConditions":{}},"comp":"lease","version":"2024-08-04","action":"acquire"}
2025-12-15T17:18:41.951Z b9890d55-dc4f-4530-8817-84166a0b2f3c verbose: SerializerMiddleware: Start serializing...
2025-12-15T17:18:41.952Z b9890d55-dc4f-4530-8817-84166a0b2f3c verbose: Send Blob telemetry: B_Blob_AcquireLease
2025-12-15T17:18:41.952Z b9890d55-dc4f-4530-8817-84166a0b2f3c info: EndMiddleware: End response. TotalTimeInMS=2 StatusCode=201 StatusMessage=undefined Headers={"server":"Azurite-Blob/3.35.0","etag":"\"0x1B762DA287A7150\"","last-modified":"Mon, 15 Dec 2025 17:18:19 GMT","x-ms-lease-id":"000000000000000000000000047730FC","x-ms-client-request-id":"b3506dee-dff0-4d6c-8ac0-ff0db93ab762","x-ms-request-id":"b9890d55-dc4f-4530-8817-84166a0b2f3c","x-ms-version":"2025-11-05","date":"Mon, 15 Dec 2025 17:18:41 GMT"}
2025-12-15T17:18:41.953Z fe067033-372b-4a5c-ab6d-e6a2f71e20a6 info: BlobStorageContextMiddleware: RequestMethod=HEAD RequestURL=http://127.0.0.1/devstoreaccount1/azure-webjobs-hosts/locks/desktop1cadh3d-1595876456/host RequestHeaders:{"host":"127.0.0.1:10000","x-ms-version":"2024-08-04","accept":"application/xml","x-ms-client-request-id":"a075192f-6b98-4707-8e35-4ae693f6921e","x-ms-return-client-request-id":"true","user-agent":"azsdk-net-Storage.Blobs/12.21.2 (.NET 8.0.21; Microsoft Windows 10.0.26200)","x-ms-date":"Mon, 15 Dec 2025 17:18:41 GMT","authorization":"SharedKey devstoreaccount1:7D1eMtgNkBjQWNszXrQHrp1AylRmmJFMBGqX0tNpS/4="} ClientIP=127.0.0.1 Protocol=http HTTPVersion=1.1
2025-12-15T17:18:41.953Z fe067033-372b-4a5c-ab6d-e6a2f71e20a6 info: BlobStorageContextMiddleware: Account=devstoreaccount1 Container=azure-webjobs-hosts Blob=locks/desktop1cadh3d-1595876456/host
2025-12-15T17:18:41.954Z fe067033-372b-4a5c-ab6d-e6a2f71e20a6 verbose: DispatchMiddleware: Dispatching request...
2025-12-15T17:18:41.954Z fe067033-372b-4a5c-ab6d-e6a2f71e20a6 info: DispatchMiddleware: Operation=Blob_GetProperties
2025-12-15T17:18:41.954Z fe067033-372b-4a5c-ab6d-e6a2f71e20a6 verbose: AuthenticationMiddlewareFactory:createAuthenticationMiddleware() Validating authentications.
2025-12-15T17:18:41.954Z fe067033-372b-4a5c-ab6d-e6a2f71e20a6 info: PublicAccessAuthenticator:validate() Start validation against public access.
2025-12-15T17:18:41.954Z fe067033-372b-4a5c-ab6d-e6a2f71e20a6 debug: PublicAccessAuthenticator:validate() Getting account properties...
2025-12-15T17:18:41.954Z fe067033-372b-4a5c-ab6d-e6a2f71e20a6 debug: PublicAccessAuthenticator:validate() Retrieved account name from context: devstoreaccount1, container: azure-webjobs-hosts, blob: locks/desktop1cadh3d-1595876456/host
2025-12-15T17:18:41.954Z fe067033-372b-4a5c-ab6d-e6a2f71e20a6 debug: PublicAccessAuthenticator:validate() Skip public access authentication. Cannot get public access type for container azure-webjobs-hosts
2025-12-15T17:18:41.954Z fe067033-372b-4a5c-ab6d-e6a2f71e20a6 info: BlobSharedKeyAuthenticator:validate() Start validation against account shared key authentication.
2025-12-15T17:18:41.954Z fe067033-372b-4a5c-ab6d-e6a2f71e20a6 info: BlobSharedKeyAuthenticator:validate() [STRING TO SIGN]:"HEAD\n\n\n\n\n\n\n\n\n\n\n\nx-ms-client-request-id:a075192f-6b98-4707-8e35-4ae693f6921e\nx-ms-date:Mon, 15 Dec 2025 17:18:41 GMT\nx-ms-return-client-request-id:true\nx-ms-version:2024-08-04\n/devstoreaccount1/devstoreaccount1/azure-webjobs-hosts/locks/desktop1cadh3d-1595876456/host"
2025-12-15T17:18:41.954Z fe067033-372b-4a5c-ab6d-e6a2f71e20a6 info: BlobSharedKeyAuthenticator:validate() Calculated authentication header based on key1: SharedKey devstoreaccount1:7D1eMtgNkBjQWNszXrQHrp1AylRmmJFMBGqX0tNpS/4=
2025-12-15T17:18:41.954Z fe067033-372b-4a5c-ab6d-e6a2f71e20a6 info: BlobSharedKeyAuthenticator:validate() Signature 1 matched.
2025-12-15T17:18:41.954Z fe067033-372b-4a5c-ab6d-e6a2f71e20a6 verbose: DeserializerMiddleware: Start deserializing...
2025-12-15T17:18:41.955Z fe067033-372b-4a5c-ab6d-e6a2f71e20a6 info: HandlerMiddleware: DeserializedParameters={"options":{"requestId":"a075192f-6b98-4707-8e35-4ae693f6921e","leaseAccessConditions":{},"cpkInfo":{},"modifiedAccessConditions":{}},"version":"2024-08-04"}
2025-12-15T17:18:41.955Z fe067033-372b-4a5c-ab6d-e6a2f71e20a6 verbose: SerializerMiddleware: Start serializing...
2025-12-15T17:18:41.955Z fe067033-372b-4a5c-ab6d-e6a2f71e20a6 verbose: Send Blob telemetry: B_Blob_GetProperties
2025-12-15T17:18:41.955Z fe067033-372b-4a5c-ab6d-e6a2f71e20a6 info: EndMiddleware: End response. TotalTimeInMS=2 StatusCode=200 StatusMessage=undefined Headers={"server":"Azurite-Blob/3.35.0","last-modified":"Mon, 15 Dec 2025 17:18:19 GMT","x-ms-creation-time":"Mon, 15 Dec 2025 17:16:58 GMT","x-ms-meta-functioninstance":"000000000000000000000000047730FC","x-ms-blob-type":"BlockBlob","x-ms-lease-duration":"fixed","x-ms-lease-state":"leased","x-ms-lease-status":"locked","content-length":"0","content-type":"application/octet-stream","etag":"\"0x1B762DA287A7150\"","content-md5":"1B2M2Y8AsgTpgAmY7PhCfg==","x-ms-client-request-id":"a075192f-6b98-4707-8e35-4ae693f6921e","x-ms-request-id":"fe067033-372b-4a5c-ab6d-e6a2f71e20a6","x-ms-version":"2025-11-05","date":"Mon, 15 Dec 2025 17:18:41 GMT","accept-ranges":"bytes","x-ms-server-encrypted":"true","x-ms-access-tier":"Hot","x-ms-access-tier-inferred":"true","x-ms-access-tier-change-time":"Mon, 15 Dec 2025 17:16:58 GMT"}
2025-12-15T17:18:41.957Z 8abc20f9-f740-43e7-8497-0080be09dec7 info: BlobStorageContextMiddleware: RequestMethod=PUT RequestURL=http://127.0.0.1/devstoreaccount1/azure-webjobs-hosts/locks/desktop1cadh3d-1595876456/host?comp=metadata RequestHeaders:{"host":"127.0.0.1:10000","x-ms-meta-functioninstance":"000000000000000000000000047730FC","x-ms-lease-id":"000000000000000000000000047730FC","x-ms-version":"2024-08-04","accept":"application/xml","x-ms-client-request-id":"c7bbee22-a217-4fb4-b972-2716f763ec42","x-ms-return-client-request-id":"true","user-agent":"azsdk-net-Storage.Blobs/12.21.2 (.NET 8.0.21; Microsoft Windows 10.0.26200)","x-ms-date":"Mon, 15 Dec 2025 17:18:41 GMT","authorization":"SharedKey devstoreaccount1:Mwan2WSOmfB5NtocOAsQWwrSGclA0f62267dIftvCqQ=","content-length":"0"} ClientIP=127.0.0.1 Protocol=http HTTPVersion=1.1
2025-12-15T17:18:41.957Z 8abc20f9-f740-43e7-8497-0080be09dec7 info: BlobStorageContextMiddleware: Account=devstoreaccount1 Container=azure-webjobs-hosts Blob=locks/desktop1cadh3d-1595876456/host
2025-12-15T17:18:41.957Z 8abc20f9-f740-43e7-8497-0080be09dec7 verbose: DispatchMiddleware: Dispatching request...
2025-12-15T17:18:41.958Z 8abc20f9-f740-43e7-8497-0080be09dec7 info: DispatchMiddleware: Operation=Blob_SetMetadata
2025-12-15T17:18:41.958Z 8abc20f9-f740-43e7-8497-0080be09dec7 verbose: AuthenticationMiddlewareFactory:createAuthenticationMiddleware() Validating authentications.
2025-12-15T17:18:41.958Z 8abc20f9-f740-43e7-8497-0080be09dec7 info: PublicAccessAuthenticator:validate() Start validation against public access.
2025-12-15T17:18:41.958Z 8abc20f9-f740-43e7-8497-0080be09dec7 debug: PublicAccessAuthenticator:validate() Getting account properties...
2025-12-15T17:18:41.958Z 8abc20f9-f740-43e7-8497-0080be09dec7 debug: PublicAccessAuthenticator:validate() Retrieved account name from context: devstoreaccount1, container: azure-webjobs-hosts, blob: locks/desktop1cadh3d-1595876456/host
2025-12-15T17:18:41.958Z 8abc20f9-f740-43e7-8497-0080be09dec7 debug: PublicAccessAuthenticator:validate() Skip public access authentication. Cannot get public access type for container azure-webjobs-hosts
2025-12-15T17:18:41.958Z 8abc20f9-f740-43e7-8497-0080be09dec7 info: BlobSharedKeyAuthenticator:validate() Start validation against account shared key authentication.
2025-12-15T17:18:41.958Z 8abc20f9-f740-43e7-8497-0080be09dec7 info: BlobSharedKeyAuthenticator:validate() [STRING TO SIGN]:"PUT\n\n\n\n\n\n\n\n\n\n\n\nx-ms-client-request-id:c7bbee22-a217-4fb4-b972-2716f763ec42\nx-ms-date:Mon, 15 Dec 2025 17:18:41 GMT\nx-ms-lease-id:000000000000000000000000047730FC\nx-ms-meta-functioninstance:000000000000000000000000047730FC\nx-ms-return-client-request-id:true\nx-ms-version:2024-08-04\n/devstoreaccount1/devstoreaccount1/azure-webjobs-hosts/locks/desktop1cadh3d-1595876456/host\ncomp:metadata"
2025-12-15T17:18:41.958Z 8abc20f9-f740-43e7-8497-0080be09dec7 info: BlobSharedKeyAuthenticator:validate() Calculated authentication header based on key1: SharedKey devstoreaccount1:Mwan2WSOmfB5NtocOAsQWwrSGclA0f62267dIftvCqQ=
2025-12-15T17:18:41.958Z 8abc20f9-f740-43e7-8497-0080be09dec7 info: BlobSharedKeyAuthenticator:validate() Signature 1 matched.
2025-12-15T17:18:41.958Z 8abc20f9-f740-43e7-8497-0080be09dec7 verbose: DeserializerMiddleware: Start deserializing...
2025-12-15T17:18:41.958Z 8abc20f9-f740-43e7-8497-0080be09dec7 info: HandlerMiddleware: DeserializedParameters={"options":{"metadata":{"functioninstance":"000000000000000000000000047730FC"},"requestId":"c7bbee22-a217-4fb4-b972-2716f763ec42","leaseAccessConditions":{"leaseId":"000000000000000000000000047730FC"},"cpkInfo":{},"cpkScopeInfo":{},"modifiedAccessConditions":{}},"comp":"metadata","version":"2024-08-04"}
2025-12-15T17:18:41.959Z 8abc20f9-f740-43e7-8497-0080be09dec7 verbose: SerializerMiddleware: Start serializing...
2025-12-15T17:18:41.959Z 8abc20f9-f740-43e7-8497-0080be09dec7 verbose: Send Blob telemetry: B_Blob_SetMetadata
2025-12-15T17:18:41.959Z 8abc20f9-f740-43e7-8497-0080be09dec7 info: EndMiddleware: End response. TotalTimeInMS=2 StatusCode=200 StatusMessage=undefined Headers={"server":"Azurite-Blob/3.35.0","etag":"\"0x1DD0A159E07C960\"","last-modified":"Mon, 15 Dec 2025 17:18:41 GMT","x-ms-client-request-id":"c7bbee22-a217-4fb4-b972-2716f763ec42","x-ms-request-id":"8abc20f9-f740-43e7-8497-0080be09dec7","x-ms-version":"2025-11-05","date":"Mon, 15 Dec 2025 17:18:41 GMT","x-ms-request-server-encrypted":"true"}
2025-12-15T17:18:53.982Z 5db4b147-6e21-4dcc-b860-c45741021067 info: BlobStorageContextMiddleware: RequestMethod=PUT RequestURL=http://127.0.0.1/devstoreaccount1/azure-webjobs-hosts/locks/desktop1cadh3d-1595876456/host?comp=lease RequestHeaders:{"host":"127.0.0.1:10000","x-ms-lease-action":"renew","x-ms-lease-id":"000000000000000000000000047730FC","x-ms-version":"2024-08-04","accept":"application/xml","x-ms-client-request-id":"0c4f515f-b4ed-43f1-a185-ee2efb5f9ef9","x-ms-return-client-request-id":"true","user-agent":"azsdk-net-Storage.Blobs/12.21.2 (.NET 8.0.21; Microsoft Windows 10.0.26200)","x-ms-date":"Mon, 15 Dec 2025 17:18:53 GMT","authorization":"SharedKey devstoreaccount1:iF+Kw0PNaw9p+WqUuK0FQGuFKPpz+x4GjFfnRsruIO0=","content-length":"0"} ClientIP=127.0.0.1 Protocol=http HTTPVersion=1.1
2025-12-15T17:18:53.982Z 5db4b147-6e21-4dcc-b860-c45741021067 info: BlobStorageContextMiddleware: Account=devstoreaccount1 Container=azure-webjobs-hosts Blob=locks/desktop1cadh3d-1595876456/host
2025-12-15T17:18:53.982Z 5db4b147-6e21-4dcc-b860-c45741021067 verbose: DispatchMiddleware: Dispatching request...
2025-12-15T17:18:53.983Z 5db4b147-6e21-4dcc-b860-c45741021067 info: DispatchMiddleware: Operation=Blob_RenewLease
2025-12-15T17:18:53.983Z 5db4b147-6e21-4dcc-b860-c45741021067 verbose: AuthenticationMiddlewareFactory:createAuthenticationMiddleware() Validating authentications.
2025-12-15T17:18:53.983Z 5db4b147-6e21-4dcc-b860-c45741021067 info: PublicAccessAuthenticator:validate() Start validation against public access.
2025-12-15T17:18:53.983Z 5db4b147-6e21-4dcc-b860-c45741021067 debug: PublicAccessAuthenticator:validate() Getting account properties...
2025-12-15T17:18:53.983Z 5db4b147-6e21-4dcc-b860-c45741021067 debug: PublicAccessAuthenticator:validate() Retrieved account name from context: devstoreaccount1, container: azure-webjobs-hosts, blob: locks/desktop1cadh3d-1595876456/host
2025-12-15T17:18:53.984Z 5db4b147-6e21-4dcc-b860-c45741021067 debug: PublicAccessAuthenticator:validate() Skip public access authentication. Cannot get public access type for container azure-webjobs-hosts
2025-12-15T17:18:53.984Z 5db4b147-6e21-4dcc-b860-c45741021067 info: BlobSharedKeyAuthenticator:validate() Start validation against account shared key authentication.
2025-12-15T17:18:53.984Z 5db4b147-6e21-4dcc-b860-c45741021067 info: BlobSharedKeyAuthenticator:validate() [STRING TO SIGN]:"PUT\n\n\n\n\n\n\n\n\n\n\n\nx-ms-client-request-id:0c4f515f-b4ed-43f1-a185-ee2efb5f9ef9\nx-ms-date:Mon, 15 Dec 2025 17:18:53 GMT\nx-ms-lease-action:renew\nx-ms-lease-id:000000000000000000000000047730FC\nx-ms-return-client-request-id:true\nx-ms-version:2024-08-04\n/devstoreaccount1/devstoreaccount1/azure-webjobs-hosts/locks/desktop1cadh3d-1595876456/host\ncomp:lease"
2025-12-15T17:18:53.984Z 5db4b147-6e21-4dcc-b860-c45741021067 info: BlobSharedKeyAuthenticator:validate() Calculated authentication header based on key1: SharedKey devstoreaccount1:iF+Kw0PNaw9p+WqUuK0FQGuFKPpz+x4GjFfnRsruIO0=
2025-12-15T17:18:53.984Z 5db4b147-6e21-4dcc-b860-c45741021067 info: BlobSharedKeyAuthenticator:validate() Signature 1 matched.
2025-12-15T17:18:53.984Z 5db4b147-6e21-4dcc-b860-c45741021067 verbose: DeserializerMiddleware: Start deserializing...
2025-12-15T17:18:53.985Z 5db4b147-6e21-4dcc-b860-c45741021067 info: HandlerMiddleware: DeserializedParameters={"options":{"requestId":"0c4f515f-b4ed-43f1-a185-ee2efb5f9ef9","modifiedAccessConditions":{}},"comp":"lease","leaseId":"000000000000000000000000047730FC","version":"2024-08-04","action":"renew"}
2025-12-15T17:18:53.985Z 5db4b147-6e21-4dcc-b860-c45741021067 verbose: SerializerMiddleware: Start serializing...
2025-12-15T17:18:53.986Z 5db4b147-6e21-4dcc-b860-c45741021067 verbose: Send Blob telemetry: B_Blob_RenewLease
2025-12-15T17:18:53.986Z 5db4b147-6e21-4dcc-b860-c45741021067 info: EndMiddleware: End response. TotalTimeInMS=4 StatusCode=200 StatusMessage=undefined Headers={"server":"Azurite-Blob/3.35.0","etag":"\"0x1DD0A159E07C960\"","last-modified":"Mon, 15 Dec 2025 17:18:41 GMT","x-ms-lease-id":"000000000000000000000000047730FC","x-ms-client-request-id":"0c4f515f-b4ed-43f1-a185-ee2efb5f9ef9","x-ms-request-id":"5db4b147-6e21-4dcc-b860-c45741021067","x-ms-version":"2025-11-05","date":"Mon, 15 Dec 2025 17:18:53 GMT"}
2025-12-15T17:19:05.981Z 9ab1bc21-33b0-44b1-a695-570836135753 info: BlobStorageContextMiddleware: RequestMethod=PUT RequestURL=http://127.0.0.1/devstoreaccount1/azure-webjobs-hosts/locks/desktop1cadh3d-1595876456/host?comp=lease RequestHeaders:{"host":"127.0.0.1:10000","x-ms-lease-action":"renew","x-ms-lease-id":"000000000000000000000000047730FC","x-ms-version":"2024-08-04","accept":"application/xml","x-ms-client-request-id":"c50dccce-e032-4a06-9b4f-007f0e93cf05","x-ms-return-client-request-id":"true","user-agent":"azsdk-net-Storage.Blobs/12.21.2 (.NET 8.0.21; Microsoft Windows 10.0.26200)","x-ms-date":"Mon, 15 Dec 2025 17:19:05 GMT","authorization":"SharedKey devstoreaccount1:guL/bTIuZ0XdVQhNFZSqDtH+5ywhSui8QxTbRD5jE+g=","content-length":"0"} ClientIP=127.0.0.1 Protocol=http HTTPVersion=1.1
2025-12-15T17:19:05.982Z 9ab1bc21-33b0-44b1-a695-570836135753 info: BlobStorageContextMiddleware: Account=devstoreaccount1 Container=azure-webjobs-hosts Blob=locks/desktop1cadh3d-1595876456/host
2025-12-15T17:19:05.982Z 9ab1bc21-33b0-44b1-a695-570836135753 verbose: DispatchMiddleware: Dispatching request...
2025-12-15T17:19:05.982Z 9ab1bc21-33b0-44b1-a695-570836135753 info: DispatchMiddleware: Operation=Blob_RenewLease
2025-12-15T17:19:05.982Z 9ab1bc21-33b0-44b1-a695-570836135753 verbose: AuthenticationMiddlewareFactory:createAuthenticationMiddleware() Validating authentications.
2025-12-15T17:19:05.982Z 9ab1bc21-33b0-44b1-a695-570836135753 info: PublicAccessAuthenticator:validate() Start validation against public access.
2025-12-15T17:19:05.982Z 9ab1bc21-33b0-44b1-a695-570836135753 debug: PublicAccessAuthenticator:validate() Getting account properties...
2025-12-15T17:19:05.982Z 9ab1bc21-33b0-44b1-a695-570836135753 debug: PublicAccessAuthenticator:validate() Retrieved account name from context: devstoreaccount1, container: azure-webjobs-hosts, blob: locks/desktop1cadh3d-1595876456/host
2025-12-15T17:19:05.983Z 9ab1bc21-33b0-44b1-a695-570836135753 debug: PublicAccessAuthenticator:validate() Skip public access authentication. Cannot get public access type for container azure-webjobs-hosts
2025-12-15T17:19:05.983Z 9ab1bc21-33b0-44b1-a695-570836135753 info: BlobSharedKeyAuthenticator:validate() Start validation against account shared key authentication.
2025-12-15T17:19:05.983Z 9ab1bc21-33b0-44b1-a695-570836135753 info: BlobSharedKeyAuthenticator:validate() [STRING TO SIGN]:"PUT\n\n\n\n\n\n\n\n\n\n\n\nx-ms-client-request-id:c50dccce-e032-4a06-9b4f-007f0e93cf05\nx-ms-date:Mon, 15 Dec 2025 17:19:05 GMT\nx-ms-lease-action:renew\nx-ms-lease-id:000000000000000000000000047730FC\nx-ms-return-client-request-id:true\nx-ms-version:2024-08-04\n/devstoreaccount1/devstoreaccount1/azure-webjobs-hosts/locks/desktop1cadh3d-1595876456/host\ncomp:lease"
2025-12-15T17:19:05.983Z 9ab1bc21-33b0-44b1-a695-570836135753 info: BlobSharedKeyAuthenticator:validate() Calculated authentication header based on key1: SharedKey devstoreaccount1:guL/bTIuZ0XdVQhNFZSqDtH+5ywhSui8QxTbRD5jE+g=
2025-12-15T17:19:05.983Z 9ab1bc21-33b0-44b1-a695-570836135753 info: BlobSharedKeyAuthenticator:validate() Signature 1 matched.
2025-12-15T17:19:05.983Z 9ab1bc21-33b0-44b1-a695-570836135753 verbose: DeserializerMiddleware: Start deserializing...
2025-12-15T17:19:05.983Z 9ab1bc21-33b0-44b1-a695-570836135753 info: HandlerMiddleware: DeserializedParameters={"options":{"requestId":"c50dccce-e032-4a06-9b4f-007f0e93cf05","modifiedAccessConditions":{}},"comp":"lease","leaseId":"000000000000000000000000047730FC","version":"2024-08-04","action":"renew"}
2025-12-15T17:19:05.983Z 9ab1bc21-33b0-44b1-a695-570836135753 verbose: SerializerMiddleware: Start serializing...
2025-12-15T17:19:05.984Z 9ab1bc21-33b0-44b1-a695-570836135753 verbose: Send Blob telemetry: B_Blob_RenewLease
2025-12-15T17:19:05.984Z 9ab1bc21-33b0-44b1-a695-570836135753 info: EndMiddleware: End response. TotalTimeInMS=3 StatusCode=200 StatusMessage=undefined Headers={"server":"Azurite-Blob/3.35.0","etag":"\"0x1DD0A159E07C960\"","last-modified":"Mon, 15 Dec 2025 17:18:41 GMT","x-ms-lease-id":"000000000000000000000000047730FC","x-ms-client-request-id":"c50dccce-e032-4a06-9b4f-007f0e93cf05","x-ms-request-id":"9ab1bc21-33b0-44b1-a695-570836135753","x-ms-version":"2025-11-05","date":"Mon, 15 Dec 2025 17:19:05 GMT"}
2025-12-15T17:19:17.979Z 141cd228-e3cf-44bc-bd05-87cbad659cdb info: BlobStorageContextMiddleware: RequestMethod=PUT RequestURL=http://127.0.0.1/devstoreaccount1/azure-webjobs-hosts/locks/desktop1cadh3d-1595876456/host?comp=lease RequestHeaders:{"host":"127.0.0.1:10000","x-ms-lease-action":"renew","x-ms-lease-id":"000000000000000000000000047730FC","x-ms-version":"2024-08-04","accept":"application/xml","x-ms-client-request-id":"338ab6ae-99c9-41bc-b7b5-532f355a6ef4","x-ms-return-client-request-id":"true","user-agent":"azsdk-net-Storage.Blobs/12.21.2 (.NET 8.0.21; Microsoft Windows 10.0.26200)","x-ms-date":"Mon, 15 Dec 2025 17:19:17 GMT","authorization":"SharedKey devstoreaccount1:yfg02aJlR4k7lpe5G8dkjK2HJAEhIGYNb5Qf3gaZwSw=","content-length":"0"} ClientIP=127.0.0.1 Protocol=http HTTPVersion=1.1
2025-12-15T17:19:17.979Z 141cd228-e3cf-44bc-bd05-87cbad659cdb info: BlobStorageContextMiddleware: Account=devstoreaccount1 Container=azure-webjobs-hosts Blob=locks/desktop1cadh3d-1595876456/host
2025-12-15T17:19:17.980Z 141cd228-e3cf-44bc-bd05-87cbad659cdb verbose: DispatchMiddleware: Dispatching request...
2025-12-15T17:19:17.981Z 141cd228-e3cf-44bc-bd05-87cbad659cdb info: DispatchMiddleware: Operation=Blob_RenewLease
2025-12-15T17:19:17.982Z 141cd228-e3cf-44bc-bd05-87cbad659cdb verbose: AuthenticationMiddlewareFactory:createAuthenticationMiddleware() Validating authentications.
2025-12-15T17:19:17.982Z 141cd228-e3cf-44bc-bd05-87cbad659cdb info: PublicAccessAuthenticator:validate() Start validation against public access.
2025-12-15T17:19:17.982Z 141cd228-e3cf-44bc-bd05-87cbad659cdb debug: PublicAccessAuthenticator:validate() Getting account properties...
2025-12-15T17:19:17.982Z 141cd228-e3cf-44bc-bd05-87cbad659cdb debug: PublicAccessAuthenticator:validate() Retrieved account name from context: devstoreaccount1, container: azure-webjobs-hosts, blob: locks/desktop1cadh3d-1595876456/host
2025-12-15T17:19:17.982Z 141cd228-e3cf-44bc-bd05-87cbad659cdb debug: PublicAccessAuthenticator:validate() Skip public access authentication. Cannot get public access type for container azure-webjobs-hosts
2025-12-15T17:19:17.982Z 141cd228-e3cf-44bc-bd05-87cbad659cdb info: BlobSharedKeyAuthenticator:validate() Start validation against account shared key authentication.
2025-12-15T17:19:17.983Z 141cd228-e3cf-44bc-bd05-87cbad659cdb info: BlobSharedKeyAuthenticator:validate() [STRING TO SIGN]:"PUT\n\n\n\n\n\n\n\n\n\n\n\nx-ms-client-request-id:338ab6ae-99c9-41bc-b7b5-532f355a6ef4\nx-ms-date:Mon, 15 Dec 2025 17:19:17 GMT\nx-ms-lease-action:renew\nx-ms-lease-id:000000000000000000000000047730FC\nx-ms-return-client-request-id:true\nx-ms-version:2024-08-04\n/devstoreaccount1/devstoreaccount1/azure-webjobs-hosts/locks/desktop1cadh3d-1595876456/host\ncomp:lease"
2025-12-15T17:19:17.983Z 141cd228-e3cf-44bc-bd05-87cbad659cdb info: BlobSharedKeyAuthenticator:validate() Calculated authentication header based on key1: SharedKey devstoreaccount1:yfg02aJlR4k7lpe5G8dkjK2HJAEhIGYNb5Qf3gaZwSw=
2025-12-15T17:19:17.983Z 141cd228-e3cf-44bc-bd05-87cbad659cdb info: BlobSharedKeyAuthenticator:validate() Signature 1 matched.
2025-12-15T17:19:17.983Z 141cd228-e3cf-44bc-bd05-87cbad659cdb verbose: DeserializerMiddleware: Start deserializing...
2025-12-15T17:19:17.983Z 141cd228-e3cf-44bc-bd05-87cbad659cdb info: HandlerMiddleware: DeserializedParameters={"options":{"requestId":"338ab6ae-99c9-41bc-b7b5-532f355a6ef4","modifiedAccessConditions":{}},"comp":"lease","leaseId":"000000000000000000000000047730FC","version":"2024-08-04","action":"renew"}
2025-12-15T17:19:17.984Z 141cd228-e3cf-44bc-bd05-87cbad659cdb verbose: SerializerMiddleware: Start serializing...
2025-12-15T17:19:17.985Z 141cd228-e3cf-44bc-bd05-87cbad659cdb verbose: Send Blob telemetry: B_Blob_RenewLease
2025-12-15T17:19:17.985Z 141cd228-e3cf-44bc-bd05-87cbad659cdb info: EndMiddleware: End response. TotalTimeInMS=6 StatusCode=200 StatusMessage=undefined Headers={"server":"Azurite-Blob/3.35.0","etag":"\"0x1DD0A159E07C960\"","last-modified":"Mon, 15 Dec 2025 17:18:41 GMT","x-ms-lease-id":"000000000000000000000000047730FC","x-ms-client-request-id":"338ab6ae-99c9-41bc-b7b5-532f355a6ef4","x-ms-request-id":"141cd228-e3cf-44bc-bd05-87cbad659cdb","x-ms-version":"2025-11-05","date":"Mon, 15 Dec 2025 17:19:17 GMT"}
2025-12-15T17:19:19.366Z 	 info: AccountDataStore:init() Refresh accounts from environment variable AZURITE_ACCOUNTS with value undefined
2025-12-15T17:19:19.366Z 	 info: AccountDataStore:init() Fallback to default emulator account devstoreaccount1.
2025-12-15T17:19:19.407Z 	 info: AccountDataStore:init() Refresh accounts from environment variable AZURITE_ACCOUNTS with value undefined
2025-12-15T17:19:19.408Z 	 info: AccountDataStore:init() Fallback to default emulator account devstoreaccount1.
2025-12-15T17:19:19.423Z 	 info: QueueGCManager:markSweepLoop() Start new mark and sweep.
2025-12-15T17:19:19.424Z 	 info: QueueGCManger:markSweep() Get all extents.
2025-12-15T17:19:19.424Z 	 info: QueueGCManager:marksweep() Get 0 extents.
2025-12-15T17:19:19.424Z 	 info: QueueGCManager:markSweep() Get referred extents, then remove from allExtents.
2025-12-15T17:19:19.424Z 	 info: QueueGCManager:markSweep() Got referred extents, unreferenced extents count is 0.
2025-12-15T17:19:19.424Z 	 info: QueueGCManager:markSweepLoop() Mark and sweep finished, take 0ms.
2025-12-15T17:19:19.424Z 	 info: QueueGCManager:markSweepLoop() Sleep for 60000
2025-12-15T17:19:19.424Z 	 info: AccountDataStore:init() Refresh accounts from environment variable AZURITE_ACCOUNTS with value undefined
2025-12-15T17:19:19.424Z 	 info: AccountDataStore:init() Fallback to default emulator account devstoreaccount1.
2025-12-15T17:19:29.979Z ae124e82-9f8e-4140-8455-0c924329a76c info: BlobStorageContextMiddleware: RequestMethod=PUT RequestURL=http://127.0.0.1/devstoreaccount1/azure-webjobs-hosts/locks/desktop1cadh3d-1595876456/host?comp=lease RequestHeaders:{"host":"127.0.0.1:10000","x-ms-lease-action":"renew","x-ms-lease-id":"000000000000000000000000047730FC","x-ms-version":"2024-08-04","accept":"application/xml","x-ms-client-request-id":"d20a60e0-0020-4cf4-ad28-d2ef037791ee","x-ms-return-client-request-id":"true","user-agent":"azsdk-net-Storage.Blobs/12.21.2 (.NET 8.0.21; Microsoft Windows 10.0.26200)","x-ms-date":"Mon, 15 Dec 2025 17:19:29 GMT","authorization":"SharedKey devstoreaccount1:UbziENHDqYLP8BRrt/8QF/fRh+1ZWmJ1Fiep+WdoOuQ=","content-length":"0"} ClientIP=127.0.0.1 Protocol=http HTTPVersion=1.1
2025-12-15T17:19:29.979Z ae124e82-9f8e-4140-8455-0c924329a76c info: BlobStorageContextMiddleware: Account=devstoreaccount1 Container=azure-webjobs-hosts Blob=locks/desktop1cadh3d-1595876456/host
2025-12-15T17:19:29.979Z ae124e82-9f8e-4140-8455-0c924329a76c verbose: DispatchMiddleware: Dispatching request...
2025-12-15T17:19:29.980Z ae124e82-9f8e-4140-8455-0c924329a76c info: DispatchMiddleware: Operation=Blob_RenewLease
2025-12-15T17:19:29.980Z ae124e82-9f8e-4140-8455-0c924329a76c verbose: AuthenticationMiddlewareFactory:createAuthenticationMiddleware() Validating authentications.
2025-12-15T17:19:29.980Z ae124e82-9f8e-4140-8455-0c924329a76c info: PublicAccessAuthenticator:validate() Start validation against public access.
2025-12-15T17:19:29.980Z ae124e82-9f8e-4140-8455-0c924329a76c debug: PublicAccessAuthenticator:validate() Getting account properties...
2025-12-15T17:19:29.980Z ae124e82-9f8e-4140-8455-0c924329a76c debug: PublicAccessAuthenticator:validate() Retrieved account name from context: devstoreaccount1, container: azure-webjobs-hosts, blob: locks/desktop1cadh3d-1595876456/host
2025-12-15T17:19:29.980Z ae124e82-9f8e-4140-8455-0c924329a76c debug: PublicAccessAuthenticator:validate() Skip public access authentication. Cannot get public access type for container azure-webjobs-hosts
2025-12-15T17:19:29.980Z ae124e82-9f8e-4140-8455-0c924329a76c info: BlobSharedKeyAuthenticator:validate() Start validation against account shared key authentication.
2025-12-15T17:19:29.980Z ae124e82-9f8e-4140-8455-0c924329a76c info: BlobSharedKeyAuthenticator:validate() [STRING TO SIGN]:"PUT\n\n\n\n\n\n\n\n\n\n\n\nx-ms-client-request-id:d20a60e0-0020-4cf4-ad28-d2ef037791ee\nx-ms-date:Mon, 15 Dec 2025 17:19:29 GMT\nx-ms-lease-action:renew\nx-ms-lease-id:000000000000000000000000047730FC\nx-ms-return-client-request-id:true\nx-ms-version:2024-08-04\n/devstoreaccount1/devstoreaccount1/azure-webjobs-hosts/locks/desktop1cadh3d-1595876456/host\ncomp:lease"
2025-12-15T17:19:29.980Z ae124e82-9f8e-4140-8455-0c924329a76c info: BlobSharedKeyAuthenticator:validate() Calculated authentication header based on key1: SharedKey devstoreaccount1:UbziENHDqYLP8BRrt/8QF/fRh+1ZWmJ1Fiep+WdoOuQ=
2025-12-15T17:19:29.981Z ae124e82-9f8e-4140-8455-0c924329a76c info: BlobSharedKeyAuthenticator:validate() Signature 1 matched.
2025-12-15T17:19:29.981Z ae124e82-9f8e-4140-8455-0c924329a76c verbose: DeserializerMiddleware: Start deserializing...
2025-12-15T17:19:29.981Z ae124e82-9f8e-4140-8455-0c924329a76c info: HandlerMiddleware: DeserializedParameters={"options":{"requestId":"d20a60e0-0020-4cf4-ad28-d2ef037791ee","modifiedAccessConditions":{}},"comp":"lease","leaseId":"000000000000000000000000047730FC","version":"2024-08-04","action":"renew"}
2025-12-15T17:19:29.981Z ae124e82-9f8e-4140-8455-0c924329a76c verbose: SerializerMiddleware: Start serializing...
2025-12-15T17:19:29.981Z ae124e82-9f8e-4140-8455-0c924329a76c verbose: Send Blob telemetry: B_Blob_RenewLease
2025-12-15T17:19:29.981Z ae124e82-9f8e-4140-8455-0c924329a76c info: EndMiddleware: End response. TotalTimeInMS=2 StatusCode=200 StatusMessage=undefined Headers={"server":"Azurite-Blob/3.35.0","etag":"\"0x1DD0A159E07C960\"","last-modified":"Mon, 15 Dec 2025 17:18:41 GMT","x-ms-lease-id":"000000000000000000000000047730FC","x-ms-client-request-id":"d20a60e0-0020-4cf4-ad28-d2ef037791ee","x-ms-request-id":"ae124e82-9f8e-4140-8455-0c924329a76c","x-ms-version":"2025-11-05","date":"Mon, 15 Dec 2025 17:19:29 GMT"}
2025-12-15T17:19:41.978Z 3b336041-f9a5-482d-921e-77faca176cd2 info: BlobStorageContextMiddleware: RequestMethod=PUT RequestURL=http://127.0.0.1/devstoreaccount1/azure-webjobs-hosts/locks/desktop1cadh3d-1595876456/host?comp=lease RequestHeaders:{"host":"127.0.0.1:10000","x-ms-lease-action":"renew","x-ms-lease-id":"000000000000000000000000047730FC","x-ms-version":"2024-08-04","accept":"application/xml","x-ms-client-request-id":"f42d7989-4813-42ea-a82b-b4e4e90a15a6","x-ms-return-client-request-id":"true","user-agent":"azsdk-net-Storage.Blobs/12.21.2 (.NET 8.0.21; Microsoft Windows 10.0.26200)","x-ms-date":"Mon, 15 Dec 2025 17:19:41 GMT","authorization":"SharedKey devstoreaccount1:bi/YrsLqzKNMBN2JF6DPKN0Idl9dGXFQwIdQRi3XJ9I=","content-length":"0"} ClientIP=127.0.0.1 Protocol=http HTTPVersion=1.1
2025-12-15T17:19:41.978Z 3b336041-f9a5-482d-921e-77faca176cd2 info: BlobStorageContextMiddleware: Account=devstoreaccount1 Container=azure-webjobs-hosts Blob=locks/desktop1cadh3d-1595876456/host
2025-12-15T17:19:41.978Z 3b336041-f9a5-482d-921e-77faca176cd2 verbose: DispatchMiddleware: Dispatching request...
2025-12-15T17:19:41.980Z 3b336041-f9a5-482d-921e-77faca176cd2 info: DispatchMiddleware: Operation=Blob_RenewLease
2025-12-15T17:19:41.980Z 3b336041-f9a5-482d-921e-77faca176cd2 verbose: AuthenticationMiddlewareFactory:createAuthenticationMiddleware() Validating authentications.
2025-12-15T17:19:41.980Z 3b336041-f9a5-482d-921e-77faca176cd2 info: PublicAccessAuthenticator:validate() Start validation against public access.
2025-12-15T17:19:41.980Z 3b336041-f9a5-482d-921e-77faca176cd2 debug: PublicAccessAuthenticator:validate() Getting account properties...
2025-12-15T17:19:41.980Z 3b336041-f9a5-482d-921e-77faca176cd2 debug: PublicAccessAuthenticator:validate() Retrieved account name from context: devstoreaccount1, container: azure-webjobs-hosts, blob: locks/desktop1cadh3d-1595876456/host
2025-12-15T17:19:41.980Z 3b336041-f9a5-482d-921e-77faca176cd2 debug: PublicAccessAuthenticator:validate() Skip public access authentication. Cannot get public access type for container azure-webjobs-hosts
2025-12-15T17:19:41.980Z 3b336041-f9a5-482d-921e-77faca176cd2 info: BlobSharedKeyAuthenticator:validate() Start validation against account shared key authentication.
2025-12-15T17:19:41.981Z 3b336041-f9a5-482d-921e-77faca176cd2 info: BlobSharedKeyAuthenticator:validate() [STRING TO SIGN]:"PUT\n\n\n\n\n\n\n\n\n\n\n\nx-ms-client-request-id:f42d7989-4813-42ea-a82b-b4e4e90a15a6\nx-ms-date:Mon, 15 Dec 2025 17:19:41 GMT\nx-ms-lease-action:renew\nx-ms-lease-id:000000000000000000000000047730FC\nx-ms-return-client-request-id:true\nx-ms-version:2024-08-04\n/devstoreaccount1/devstoreaccount1/azure-webjobs-hosts/locks/desktop1cadh3d-1595876456/host\ncomp:lease"
2025-12-15T17:19:41.981Z 3b336041-f9a5-482d-921e-77faca176cd2 info: BlobSharedKeyAuthenticator:validate() Calculated authentication header based on key1: SharedKey devstoreaccount1:bi/YrsLqzKNMBN2JF6DPKN0Idl9dGXFQwIdQRi3XJ9I=
2025-12-15T17:19:41.981Z 3b336041-f9a5-482d-921e-77faca176cd2 info: BlobSharedKeyAuthenticator:validate() Signature 1 matched.
2025-12-15T17:19:41.981Z 3b336041-f9a5-482d-921e-77faca176cd2 verbose: DeserializerMiddleware: Start deserializing...
2025-12-15T17:19:41.981Z 3b336041-f9a5-482d-921e-77faca176cd2 info: HandlerMiddleware: DeserializedParameters={"options":{"requestId":"f42d7989-4813-42ea-a82b-b4e4e90a15a6","modifiedAccessConditions":{}},"comp":"lease","leaseId":"000000000000000000000000047730FC","version":"2024-08-04","action":"renew"}
2025-12-15T17:19:41.982Z 3b336041-f9a5-482d-921e-77faca176cd2 verbose: SerializerMiddleware: Start serializing...
2025-12-15T17:19:41.983Z 3b336041-f9a5-482d-921e-77faca176cd2 verbose: Send Blob telemetry: B_Blob_RenewLease
2025-12-15T17:19:41.986Z 3b336041-f9a5-482d-921e-77faca176cd2 info: EndMiddleware: End response. TotalTimeInMS=5 StatusCode=200 StatusMessage=undefined Headers={"server":"Azurite-Blob/3.35.0","etag":"\"0x1DD0A159E07C960\"","last-modified":"Mon, 15 Dec 2025 17:18:41 GMT","x-ms-lease-id":"000000000000000000000000047730FC","x-ms-client-request-id":"f42d7989-4813-42ea-a82b-b4e4e90a15a6","x-ms-request-id":"3b336041-f9a5-482d-921e-77faca176cd2","x-ms-version":"2025-11-05","date":"Mon, 15 Dec 2025 17:19:41 GMT"}
2025-12-15T17:19:53.982Z 6990c026-8722-4827-8794-ae79fc178888 info: BlobStorageContextMiddleware: RequestMethod=PUT RequestURL=http://127.0.0.1/devstoreaccount1/azure-webjobs-hosts/locks/desktop1cadh3d-1595876456/host?comp=lease RequestHeaders:{"host":"127.0.0.1:10000","x-ms-lease-action":"renew","x-ms-lease-id":"000000000000000000000000047730FC","x-ms-version":"2024-08-04","accept":"application/xml","x-ms-client-request-id":"39242540-e607-4aa6-91b4-6446ee9de165","x-ms-return-client-request-id":"true","user-agent":"azsdk-net-Storage.Blobs/12.21.2 (.NET 8.0.21; Microsoft Windows 10.0.26200)","x-ms-date":"Mon, 15 Dec 2025 17:19:53 GMT","authorization":"SharedKey devstoreaccount1:QGLLztJnaZywZGuHgAeWPS7bXe0DFpNNI4Gtj/r8vyo=","content-length":"0"} ClientIP=127.0.0.1 Protocol=http HTTPVersion=1.1
2025-12-15T17:19:53.982Z 6990c026-8722-4827-8794-ae79fc178888 info: BlobStorageContextMiddleware: Account=devstoreaccount1 Container=azure-webjobs-hosts Blob=locks/desktop1cadh3d-1595876456/host
2025-12-15T17:19:53.982Z 6990c026-8722-4827-8794-ae79fc178888 verbose: DispatchMiddleware: Dispatching request...
2025-12-15T17:19:53.983Z 6990c026-8722-4827-8794-ae79fc178888 info: DispatchMiddleware: Operation=Blob_RenewLease
2025-12-15T17:19:53.983Z 6990c026-8722-4827-8794-ae79fc178888 verbose: AuthenticationMiddlewareFactory:createAuthenticationMiddleware() Validating authentications.
2025-12-15T17:19:53.983Z 6990c026-8722-4827-8794-ae79fc178888 info: PublicAccessAuthenticator:validate() Start validation against public access.
2025-12-15T17:19:53.983Z 6990c026-8722-4827-8794-ae79fc178888 debug: PublicAccessAuthenticator:validate() Getting account properties...
2025-12-15T17:19:53.983Z 6990c026-8722-4827-8794-ae79fc178888 debug: PublicAccessAuthenticator:validate() Retrieved account name from context: devstoreaccount1, container: azure-webjobs-hosts, blob: locks/desktop1cadh3d-1595876456/host
2025-12-15T17:19:53.983Z 6990c026-8722-4827-8794-ae79fc178888 debug: PublicAccessAuthenticator:validate() Skip public access authentication. Cannot get public access type for container azure-webjobs-hosts
2025-12-15T17:19:53.983Z 6990c026-8722-4827-8794-ae79fc178888 info: BlobSharedKeyAuthenticator:validate() Start validation against account shared key authentication.
2025-12-15T17:19:53.984Z 6990c026-8722-4827-8794-ae79fc178888 info: BlobSharedKeyAuthenticator:validate() [STRING TO SIGN]:"PUT\n\n\n\n\n\n\n\n\n\n\n\nx-ms-client-request-id:39242540-e607-4aa6-91b4-6446ee9de165\nx-ms-date:Mon, 15 Dec 2025 17:19:53 GMT\nx-ms-lease-action:renew\nx-ms-lease-id:000000000000000000000000047730FC\nx-ms-return-client-request-id:true\nx-ms-version:2024-08-04\n/devstoreaccount1/devstoreaccount1/azure-webjobs-hosts/locks/desktop1cadh3d-1595876456/host\ncomp:lease"
2025-12-15T17:19:53.984Z 6990c026-8722-4827-8794-ae79fc178888 info: BlobSharedKeyAuthenticator:validate() Calculated authentication header based on key1: SharedKey devstoreaccount1:QGLLztJnaZywZGuHgAeWPS7bXe0DFpNNI4Gtj/r8vyo=
2025-12-15T17:19:53.984Z 6990c026-8722-4827-8794-ae79fc178888 info: BlobSharedKeyAuthenticator:validate() Signature 1 matched.
2025-12-15T17:19:53.984Z 6990c026-8722-4827-8794-ae79fc178888 verbose: DeserializerMiddleware: Start deserializing...
2025-12-15T17:19:53.984Z 6990c026-8722-4827-8794-ae79fc178888 info: HandlerMiddleware: DeserializedParameters={"options":{"requestId":"39242540-e607-4aa6-91b4-6446ee9de165","modifiedAccessConditions":{}},"comp":"lease","leaseId":"000000000000000000000000047730FC","version":"2024-08-04","action":"renew"}
2025-12-15T17:19:53.984Z 6990c026-8722-4827-8794-ae79fc178888 verbose: SerializerMiddleware: Start serializing...
2025-12-15T17:19:53.984Z 6990c026-8722-4827-8794-ae79fc178888 verbose: Send Blob telemetry: B_Blob_RenewLease
2025-12-15T17:19:53.984Z 6990c026-8722-4827-8794-ae79fc178888 info: EndMiddleware: End response. TotalTimeInMS=2 StatusCode=200 StatusMessage=undefined Headers={"server":"Azurite-Blob/3.35.0","etag":"\"0x1DD0A159E07C960\"","last-modified":"Mon, 15 Dec 2025 17:18:41 GMT","x-ms-lease-id":"000000000000000000000000047730FC","x-ms-client-request-id":"39242540-e607-4aa6-91b4-6446ee9de165","x-ms-request-id":"6990c026-8722-4827-8794-ae79fc178888","x-ms-version":"2025-11-05","date":"Mon, 15 Dec 2025 17:19:53 GMT"}
2025-12-15T17:20:05.968Z b93cd4e2-6cbc-4f26-8c6e-6d7f42daa519 info: BlobStorageContextMiddleware: RequestMethod=PUT RequestURL=http://127.0.0.1/devstoreaccount1/azure-webjobs-hosts/locks/desktop1cadh3d-1595876456/host?comp=lease RequestHeaders:{"host":"127.0.0.1:10000","x-ms-lease-action":"renew","x-ms-lease-id":"000000000000000000000000047730FC","x-ms-version":"2024-08-04","accept":"application/xml","x-ms-client-request-id":"3a2a793d-f8bb-401c-80d6-dc0f04c52488","x-ms-return-client-request-id":"true","user-agent":"azsdk-net-Storage.Blobs/12.21.2 (.NET 8.0.21; Microsoft Windows 10.0.26200)","x-ms-date":"Mon, 15 Dec 2025 17:20:05 GMT","authorization":"SharedKey devstoreaccount1:IfUIVx5PPEgwtZXh44mVM8s+NWU4a5k5EiusPVYfA7g=","content-length":"0"} ClientIP=127.0.0.1 Protocol=http HTTPVersion=1.1
2025-12-15T17:20:05.969Z b93cd4e2-6cbc-4f26-8c6e-6d7f42daa519 info: BlobStorageContextMiddleware: Account=devstoreaccount1 Container=azure-webjobs-hosts Blob=locks/desktop1cadh3d-1595876456/host
2025-12-15T17:20:05.969Z b93cd4e2-6cbc-4f26-8c6e-6d7f42daa519 verbose: DispatchMiddleware: Dispatching request...
2025-12-15T17:20:05.970Z b93cd4e2-6cbc-4f26-8c6e-6d7f42daa519 info: DispatchMiddleware: Operation=Blob_RenewLease
2025-12-15T17:20:05.971Z b93cd4e2-6cbc-4f26-8c6e-6d7f42daa519 verbose: AuthenticationMiddlewareFactory:createAuthenticationMiddleware() Validating authentications.
2025-12-15T17:20:05.971Z b93cd4e2-6cbc-4f26-8c6e-6d7f42daa519 info: PublicAccessAuthenticator:validate() Start validation against public access.
2025-12-15T17:20:05.971Z b93cd4e2-6cbc-4f26-8c6e-6d7f42daa519 debug: PublicAccessAuthenticator:validate() Getting account properties...
2025-12-15T17:20:05.971Z b93cd4e2-6cbc-4f26-8c6e-6d7f42daa519 debug: PublicAccessAuthenticator:validate() Retrieved account name from context: devstoreaccount1, container: azure-webjobs-hosts, blob: locks/desktop1cadh3d-1595876456/host
2025-12-15T17:20:05.971Z b93cd4e2-6cbc-4f26-8c6e-6d7f42daa519 debug: PublicAccessAuthenticator:validate() Skip public access authentication. Cannot get public access type for container azure-webjobs-hosts
2025-12-15T17:20:05.971Z b93cd4e2-6cbc-4f26-8c6e-6d7f42daa519 info: BlobSharedKeyAuthenticator:validate() Start validation against account shared key authentication.
2025-12-15T17:20:05.971Z b93cd4e2-6cbc-4f26-8c6e-6d7f42daa519 info: BlobSharedKeyAuthenticator:validate() [STRING TO SIGN]:"PUT\n\n\n\n\n\n\n\n\n\n\n\nx-ms-client-request-id:3a2a793d-f8bb-401c-80d6-dc0f04c52488\nx-ms-date:Mon, 15 Dec 2025 17:20:05 GMT\nx-ms-lease-action:renew\nx-ms-lease-id:000000000000000000000000047730FC\nx-ms-return-client-request-id:true\nx-ms-version:2024-08-04\n/devstoreaccount1/devstoreaccount1/azure-webjobs-hosts/locks/desktop1cadh3d-1595876456/host\ncomp:lease"
2025-12-15T17:20:05.972Z b93cd4e2-6cbc-4f26-8c6e-6d7f42daa519 info: BlobSharedKeyAuthenticator:validate() Calculated authentication header based on key1: SharedKey devstoreaccount1:IfUIVx5PPEgwtZXh44mVM8s+NWU4a5k5EiusPVYfA7g=
2025-12-15T17:20:05.972Z b93cd4e2-6cbc-4f26-8c6e-6d7f42daa519 info: BlobSharedKeyAuthenticator:validate() Signature 1 matched.
2025-12-15T17:20:05.972Z b93cd4e2-6cbc-4f26-8c6e-6d7f42daa519 verbose: DeserializerMiddleware: Start deserializing...
2025-12-15T17:20:05.972Z b93cd4e2-6cbc-4f26-8c6e-6d7f42daa519 info: HandlerMiddleware: DeserializedParameters={"options":{"requestId":"3a2a793d-f8bb-401c-80d6-dc0f04c52488","modifiedAccessConditions":{}},"comp":"lease","leaseId":"000000000000000000000000047730FC","version":"2024-08-04","action":"renew"}
2025-12-15T17:20:05.972Z b93cd4e2-6cbc-4f26-8c6e-6d7f42daa519 verbose: SerializerMiddleware: Start serializing...
2025-12-15T17:20:05.973Z b93cd4e2-6cbc-4f26-8c6e-6d7f42daa519 verbose: Send Blob telemetry: B_Blob_RenewLease
2025-12-15T17:20:05.973Z b93cd4e2-6cbc-4f26-8c6e-6d7f42daa519 info: EndMiddleware: End response. TotalTimeInMS=5 StatusCode=200 StatusMessage=undefined Headers={"server":"Azurite-Blob/3.35.0","etag":"\"0x1DD0A159E07C960\"","last-modified":"Mon, 15 Dec 2025 17:18:41 GMT","x-ms-lease-id":"000000000000000000000000047730FC","x-ms-client-request-id":"3a2a793d-f8bb-401c-80d6-dc0f04c52488","x-ms-request-id":"b93cd4e2-6cbc-4f26-8c6e-6d7f42daa519","x-ms-version":"2025-11-05","date":"Mon, 15 Dec 2025 17:20:05 GMT"}
2025-12-15T17:20:17.977Z a2183980-dfd1-498d-954b-d26a481c9e2d info: BlobStorageContextMiddleware: RequestMethod=PUT RequestURL=http://127.0.0.1/devstoreaccount1/azure-webjobs-hosts/locks/desktop1cadh3d-1595876456/host?comp=lease RequestHeaders:{"host":"127.0.0.1:10000","x-ms-lease-action":"renew","x-ms-lease-id":"000000000000000000000000047730FC","x-ms-version":"2024-08-04","accept":"application/xml","x-ms-client-request-id":"b9d5cea7-f6db-4eca-8b6e-f7877e5cbc7f","x-ms-return-client-request-id":"true","user-agent":"azsdk-net-Storage.Blobs/12.21.2 (.NET 8.0.21; Microsoft Windows 10.0.26200)","x-ms-date":"Mon, 15 Dec 2025 17:20:17 GMT","authorization":"SharedKey devstoreaccount1:oqnfvD6UuLjZsCq+lj1E/DsjqoKK8Tlc3MHwFfLGY9g=","content-length":"0"} ClientIP=127.0.0.1 Protocol=http HTTPVersion=1.1
2025-12-15T17:20:17.978Z a2183980-dfd1-498d-954b-d26a481c9e2d info: BlobStorageContextMiddleware: Account=devstoreaccount1 Container=azure-webjobs-hosts Blob=locks/desktop1cadh3d-1595876456/host
2025-12-15T17:20:17.978Z a2183980-dfd1-498d-954b-d26a481c9e2d verbose: DispatchMiddleware: Dispatching request...
2025-12-15T17:20:17.978Z a2183980-dfd1-498d-954b-d26a481c9e2d info: DispatchMiddleware: Operation=Blob_RenewLease
2025-12-15T17:20:17.979Z a2183980-dfd1-498d-954b-d26a481c9e2d verbose: AuthenticationMiddlewareFactory:createAuthenticationMiddleware() Validating authentications.
2025-12-15T17:20:17.979Z a2183980-dfd1-498d-954b-d26a481c9e2d info: PublicAccessAuthenticator:validate() Start validation against public access.
2025-12-15T17:20:17.979Z a2183980-dfd1-498d-954b-d26a481c9e2d debug: PublicAccessAuthenticator:validate() Getting account properties...
2025-12-15T17:20:17.979Z a2183980-dfd1-498d-954b-d26a481c9e2d debug: PublicAccessAuthenticator:validate() Retrieved account name from context: devstoreaccount1, container: azure-webjobs-hosts, blob: locks/desktop1cadh3d-1595876456/host
2025-12-15T17:20:17.979Z a2183980-dfd1-498d-954b-d26a481c9e2d debug: PublicAccessAuthenticator:validate() Skip public access authentication. Cannot get public access type for container azure-webjobs-hosts
2025-12-15T17:20:17.979Z a2183980-dfd1-498d-954b-d26a481c9e2d info: BlobSharedKeyAuthenticator:validate() Start validation against account shared key authentication.
2025-12-15T17:20:17.979Z a2183980-dfd1-498d-954b-d26a481c9e2d info: BlobSharedKeyAuthenticator:validate() [STRING TO SIGN]:"PUT\n\n\n\n\n\n\n\n\n\n\n\nx-ms-client-request-id:b9d5cea7-f6db-4eca-8b6e-f7877e5cbc7f\nx-ms-date:Mon, 15 Dec 2025 17:20:17 GMT\nx-ms-lease-action:renew\nx-ms-lease-id:000000000000000000000000047730FC\nx-ms-return-client-request-id:true\nx-ms-version:2024-08-04\n/devstoreaccount1/devstoreaccount1/azure-webjobs-hosts/locks/desktop1cadh3d-1595876456/host\ncomp:lease"
2025-12-15T17:20:17.979Z a2183980-dfd1-498d-954b-d26a481c9e2d info: BlobSharedKeyAuthenticator:validate() Calculated authentication header based on key1: SharedKey devstoreaccount1:oqnfvD6UuLjZsCq+lj1E/DsjqoKK8Tlc3MHwFfLGY9g=
2025-12-15T17:20:17.979Z a2183980-dfd1-498d-954b-d26a481c9e2d info: BlobSharedKeyAuthenticator:validate() Signature 1 matched.
2025-12-15T17:20:17.979Z a2183980-dfd1-498d-954b-d26a481c9e2d verbose: DeserializerMiddleware: Start deserializing...
2025-12-15T17:20:17.979Z a2183980-dfd1-498d-954b-d26a481c9e2d info: HandlerMiddleware: DeserializedParameters={"options":{"requestId":"b9d5cea7-f6db-4eca-8b6e-f7877e5cbc7f","modifiedAccessConditions":{}},"comp":"lease","leaseId":"000000000000000000000000047730FC","version":"2024-08-04","action":"renew"}
2025-12-15T17:20:17.980Z a2183980-dfd1-498d-954b-d26a481c9e2d verbose: SerializerMiddleware: Start serializing...
2025-12-15T17:20:17.980Z a2183980-dfd1-498d-954b-d26a481c9e2d verbose: Send Blob telemetry: B_Blob_RenewLease
2025-12-15T17:20:17.980Z a2183980-dfd1-498d-954b-d26a481c9e2d info: EndMiddleware: End response. TotalTimeInMS=3 StatusCode=200 StatusMessage=undefined Headers={"server":"Azurite-Blob/3.35.0","etag":"\"0x1DD0A159E07C960\"","last-modified":"Mon, 15 Dec 2025 17:18:41 GMT","x-ms-lease-id":"000000000000000000000000047730FC","x-ms-client-request-id":"b9d5cea7-f6db-4eca-8b6e-f7877e5cbc7f","x-ms-request-id":"a2183980-dfd1-498d-954b-d26a481c9e2d","x-ms-version":"2025-11-05","date":"Mon, 15 Dec 2025 17:20:17 GMT"}
2025-12-15T17:20:19.372Z 	 info: AccountDataStore:init() Refresh accounts from environment variable AZURITE_ACCOUNTS with value undefined
2025-12-15T17:20:19.372Z 	 info: AccountDataStore:init() Fallback to default emulator account devstoreaccount1.
2025-12-15T17:20:19.411Z 	 info: AccountDataStore:init() Refresh accounts from environment variable AZURITE_ACCOUNTS with value undefined
2025-12-15T17:20:19.411Z 	 info: AccountDataStore:init() Fallback to default emulator account devstoreaccount1.
2025-12-15T17:20:19.427Z 	 info: QueueGCManager:markSweepLoop() Start new mark and sweep.
2025-12-15T17:20:19.427Z 	 info: QueueGCManger:markSweep() Get all extents.
2025-12-15T17:20:19.428Z 	 info: QueueGCManager:marksweep() Get 0 extents.
2025-12-15T17:20:19.428Z 	 info: QueueGCManager:markSweep() Get referred extents, then remove from allExtents.
2025-12-15T17:20:19.428Z 	 info: QueueGCManager:markSweep() Got referred extents, unreferenced extents count is 0.
2025-12-15T17:20:19.428Z 	 info: QueueGCManager:markSweepLoop() Mark and sweep finished, take 1ms.
2025-12-15T17:20:19.428Z 	 info: QueueGCManager:markSweepLoop() Sleep for 60000
2025-12-15T17:20:19.428Z 	 info: AccountDataStore:init() Refresh accounts from environment variable AZURITE_ACCOUNTS with value undefined
2025-12-15T17:20:19.428Z 	 info: AccountDataStore:init() Fallback to default emulator account devstoreaccount1.
2025-12-15T17:20:29.983Z 8091f761-21b6-4c84-b39a-e212c4153d04 info: BlobStorageContextMiddleware: RequestMethod=PUT RequestURL=http://127.0.0.1/devstoreaccount1/azure-webjobs-hosts/locks/desktop1cadh3d-1595876456/host?comp=lease RequestHeaders:{"host":"127.0.0.1:10000","x-ms-lease-action":"renew","x-ms-lease-id":"000000000000000000000000047730FC","x-ms-version":"2024-08-04","accept":"application/xml","x-ms-client-request-id":"5d0dd42e-b257-472f-892f-66e914bfe4cf","x-ms-return-client-request-id":"true","user-agent":"azsdk-net-Storage.Blobs/12.21.2 (.NET 8.0.21; Microsoft Windows 10.0.26200)","x-ms-date":"Mon, 15 Dec 2025 17:20:29 GMT","authorization":"SharedKey devstoreaccount1:8ZUgp3U2iMUrOg/tMzIEMEqfahLRLG9+s00Tib3fsZE=","content-length":"0"} ClientIP=127.0.0.1 Protocol=http HTTPVersion=1.1
2025-12-15T17:20:29.983Z 8091f761-21b6-4c84-b39a-e212c4153d04 info: BlobStorageContextMiddleware: Account=devstoreaccount1 Container=azure-webjobs-hosts Blob=locks/desktop1cadh3d-1595876456/host
2025-12-15T17:20:29.983Z 8091f761-21b6-4c84-b39a-e212c4153d04 verbose: DispatchMiddleware: Dispatching request...
2025-12-15T17:20:29.985Z 8091f761-21b6-4c84-b39a-e212c4153d04 info: DispatchMiddleware: Operation=Blob_RenewLease
2025-12-15T17:20:29.985Z 8091f761-21b6-4c84-b39a-e212c4153d04 verbose: AuthenticationMiddlewareFactory:createAuthenticationMiddleware() Validating authentications.
2025-12-15T17:20:29.985Z 8091f761-21b6-4c84-b39a-e212c4153d04 info: PublicAccessAuthenticator:validate() Start validation against public access.
2025-12-15T17:20:29.985Z 8091f761-21b6-4c84-b39a-e212c4153d04 debug: PublicAccessAuthenticator:validate() Getting account properties...
2025-12-15T17:20:29.985Z 8091f761-21b6-4c84-b39a-e212c4153d04 debug: PublicAccessAuthenticator:validate() Retrieved account name from context: devstoreaccount1, container: azure-webjobs-hosts, blob: locks/desktop1cadh3d-1595876456/host
2025-12-15T17:20:29.986Z 8091f761-21b6-4c84-b39a-e212c4153d04 debug: PublicAccessAuthenticator:validate() Skip public access authentication. Cannot get public access type for container azure-webjobs-hosts
2025-12-15T17:20:29.986Z 8091f761-21b6-4c84-b39a-e212c4153d04 info: BlobSharedKeyAuthenticator:validate() Start validation against account shared key authentication.
2025-12-15T17:20:29.986Z 8091f761-21b6-4c84-b39a-e212c4153d04 info: BlobSharedKeyAuthenticator:validate() [STRING TO SIGN]:"PUT\n\n\n\n\n\n\n\n\n\n\n\nx-ms-client-request-id:5d0dd42e-b257-472f-892f-66e914bfe4cf\nx-ms-date:Mon, 15 Dec 2025 17:20:29 GMT\nx-ms-lease-action:renew\nx-ms-lease-id:000000000000000000000000047730FC\nx-ms-return-client-request-id:true\nx-ms-version:2024-08-04\n/devstoreaccount1/devstoreaccount1/azure-webjobs-hosts/locks/desktop1cadh3d-1595876456/host\ncomp:lease"
2025-12-15T17:20:29.987Z 8091f761-21b6-4c84-b39a-e212c4153d04 info: BlobSharedKeyAuthenticator:validate() Calculated authentication header based on key1: SharedKey devstoreaccount1:8ZUgp3U2iMUrOg/tMzIEMEqfahLRLG9+s00Tib3fsZE=
2025-12-15T17:20:29.987Z 8091f761-21b6-4c84-b39a-e212c4153d04 info: BlobSharedKeyAuthenticator:validate() Signature 1 matched.
2025-12-15T17:20:29.987Z 8091f761-21b6-4c84-b39a-e212c4153d04 verbose: DeserializerMiddleware: Start deserializing...
2025-12-15T17:20:29.988Z 8091f761-21b6-4c84-b39a-e212c4153d04 info: HandlerMiddleware: DeserializedParameters={"options":{"requestId":"5d0dd42e-b257-472f-892f-66e914bfe4cf","modifiedAccessConditions":{}},"comp":"lease","leaseId":"000000000000000000000000047730FC","version":"2024-08-04","action":"renew"}
2025-12-15T17:20:29.988Z 8091f761-21b6-4c84-b39a-e212c4153d04 verbose: SerializerMiddleware: Start serializing...
2025-12-15T17:20:29.989Z 8091f761-21b6-4c84-b39a-e212c4153d04 verbose: Send Blob telemetry: B_Blob_RenewLease
2025-12-15T17:20:29.989Z 8091f761-21b6-4c84-b39a-e212c4153d04 info: EndMiddleware: End response. TotalTimeInMS=7 StatusCode=200 StatusMessage=undefined Headers={"server":"Azurite-Blob/3.35.0","etag":"\"0x1DD0A159E07C960\"","last-modified":"Mon, 15 Dec 2025 17:18:41 GMT","x-ms-lease-id":"000000000000000000000000047730FC","x-ms-client-request-id":"5d0dd42e-b257-472f-892f-66e914bfe4cf","x-ms-request-id":"8091f761-21b6-4c84-b39a-e212c4153d04","x-ms-version":"2025-11-05","date":"Mon, 15 Dec 2025 17:20:29 GMT"}
2025-12-15T17:20:36.452Z 	 verbose: Send stop telemetry
2025-12-15T17:20:36.453Z 	 info: Azurite Blob service is closing...
2025-12-15T17:20:36.454Z 	 info: Azurite Queue service is closing...
2025-12-15T17:20:36.455Z 	 info: Azurite Table service is closing...
2025-12-15T17:20:36.455Z 	 info: BlobGCManager:close() Start closing BlobGCManager. Set status to Closing.
2025-12-15T17:20:36.456Z 	 info: QueueGCManager:close() Start closing QueueGCManager, set status to Closing.
2025-12-15T17:20:36.457Z 	 info: BlobGCManager:start() Mark and sweep loop is closed.
2025-12-15T17:20:36.457Z 	 info: BlobGCManager:close() BlobGCManager successfully closed. Set status to Closed.
2025-12-15T17:20:36.457Z 	 info: QueueGCManager:start() Mark and sweep loop is closed.
2025-12-15T17:20:36.457Z 	 info: QueueGCManager:close() QueueGCManager successfully closed, set status to Closed.
2025-12-15T17:20:36.458Z 	 info: Azurite Table service successfully closed
2025-12-15T17:20:36.460Z 	 info: Azurite Blob service successfully closed
2025-12-15T17:20:36.460Z 	 info: Azurite Queue service successfully closed
